GST_ARGUS: Creating output stream
CONSUMER: Waiting until producer is connected...
GST_ARGUS: Available Sensor modes :
GST_ARGUS: 3264 x 2464 FR = 21.000000 fps Duration = 47619048 ; Analog Gain range min 1.000000, max 10.625000; Exposure Range min 13000, max 683709000;

GST_ARGUS: 3264 x 1848 FR = 28.000001 fps Duration = 35714284 ; Analog Gain range min 1.000000, max 10.625000; Exposure Range min 13000, max 683709000;

GST_ARGUS: 1920 x 1080 FR = 29.999999 fps Duration = 33333334 ; Analog Gain range min 1.000000, max 10.625000; Exposure Range min 13000, max 683709000;

GST_ARGUS: 1640 x 1232 FR = 29.999999 fps Duration = 33333334 ; Analog Gain range min 1.000000, max 10.625000; Exposure Range min 13000, max 683709000;

GST_ARGUS: 1280 x 720 FR = 59.999999 fps Duration = 16666667 ; Analog Gain range min 1.000000, max 10.625000; Exposure Range min 13000, max 683709000;

GST_ARGUS: 1280 x 720 FR = 120.000005 fps Duration = 8333333 ; Analog Gain range min 1.000000, max 10.625000; Exposure Range min 13000, max 683709000;

GST_ARGUS: Running with following settings:
   Camera index = 0 
   Camera mode  = 3 
   Output Stream W = 1640 H = 1232 
   seconds to Run    = 0 
   Frame Rate = 29.999999 
GST_ARGUS: Setup Complete, Starting captures for 0 seconds
GST_ARGUS: Starting repeat capture requests.
CONSUMER: Producer has connected; continuing.
[Main Loop] Camera opened. Starting inference thread...
[Main Loop] Started. Press 'q' to quit.
[Inference Thread] Model loaded from electricdrive_v0.1.engine. Waiting for frames...
Loading electricdrive_v0.1.engine for TensorRT inference...
WARNING ⚠️ Metadata not found for 'model=electricdrive_v0.1.engine'

0: 640x640 (no detections), 384.6ms
Speed: 327.1ms preprocess, 384.6ms inference, 87.5ms postprocess per image at shape (1, 3, 640, 640)
[Inference] Got 0 detections.

0: 640x640 (no detections), 283.3ms
Speed: 8.6ms preprocess, 283.3ms inference, 4.4ms postprocess per image at shape (1, 3, 640, 640)
[Inference] Got 0 detections.

0: 640x640 (no detections), 234.1ms
Speed: 6.7ms preprocess, 234.1ms inference, 2.7ms postprocess per image at shape (1, 3, 640, 640)
[Inference] Got 0 detections.

0: 640x640 (no detections), 217.3ms
Speed: 5.5ms preprocess, 217.3ms inference, 2.9ms postprocess per image at shape (1, 3, 640, 640)
[Inference] Got 0 detections.

0: 640x640 (no detections), 212.5ms
Speed: 5.4ms preprocess, 212.5ms inference, 3.2ms postprocess per image at shape (1, 3, 640, 640)
[Inference] Got 0 detections.

0: 640x640 (no detections), 226.9ms
Speed: 9.1ms preprocess, 226.9ms inference, 4.3ms postprocess per image at shape (1, 3, 640, 640)
[Inference] Got 0 detections.

0: 640x640 (no detections), 206.1ms
Speed: 5.4ms preprocess, 206.1ms inference, 3.9ms postprocess per image at shape (1, 3, 640, 640)
[Inference] Got 0 detections.

0: 640x640 (no detections), 211.6ms
Speed: 5.4ms preprocess, 211.6ms inference, 2.8ms postprocess per image at shape (1, 3, 640, 640)
[Inference] Got 0 detections.

0: 640x640 (no detections), 214.2ms
Speed: 5.8ms preprocess, 214.2ms inference, 3.1ms postprocess per image at shape (1, 3, 640, 640)
[Inference] Got 0 detections.

0: 640x640 (no detections), 269.1ms
Speed: 6.7ms preprocess, 269.1ms inference, 5.1ms postprocess per image at shape (1, 3, 640, 640)
[Inference] Got 0 detections.

0: 640x640 (no detections), 225.2ms
Speed: 7.1ms preprocess, 225.2ms inference, 5.4ms postprocess per image at shape (1, 3, 640, 640)
[Inference] Got 0 detections.

0: 640x640 (no detections), 206.3ms
Speed: 5.3ms preprocess, 206.3ms inference, 3.4ms postprocess per image at shape (1, 3, 640, 640)
[Inference] Got 0 detections.

0: 640x640 (no detections), 212.5ms
Speed: 5.3ms preprocess, 212.5ms inference, 2.9ms postprocess per image at shape (1, 3, 640, 640)
[Inference] Got 0 detections.

0: 640x640 (no detections), 211.0ms
Speed: 5.7ms preprocess, 211.0ms inference, 3.1ms postprocess per image at shape (1, 3, 640, 640)
[Inference] Got 0 detections.

0: 640x640 (no detections), 229.6ms
Speed: 7.1ms preprocess, 229.6ms inference, 3.0ms postprocess per image at shape (1, 3, 640, 640)
[Inference] Got 0 detections.

0: 640x640 (no detections), 208.0ms
Speed: 6.0ms preprocess, 208.0ms inference, 2.9ms postprocess per image at shape (1, 3, 640, 640)
[Inference] Got 0 detections.

0: 640x640 1 class1, 210.6ms
Speed: 5.4ms preprocess, 210.6ms inference, 8.1ms postprocess per image at shape (1, 3, 640, 640)
[Inference] Got 1 detections.

0: 640x640 (no detections), 218.4ms
Speed: 9.1ms preprocess, 218.4ms inference, 3.1ms postprocess per image at shape (1, 3, 640, 640)
[Inference] Got 0 detections.

0: 640x640 (no detections), 216.1ms
Speed: 7.9ms preprocess, 216.1ms inference, 4.2ms postprocess per image at shape (1, 3, 640, 640)
[Inference] Got 0 detections.

0: 640x640 (no detections), 206.4ms
Speed: 6.1ms preprocess, 206.4ms inference, 2.9ms postprocess per image at shape (1, 3, 640, 640)
[Inference] Got 0 detections.

0: 640x640 (no detections), 210.3ms
Speed: 5.6ms preprocess, 210.3ms inference, 3.2ms postprocess per image at shape (1, 3, 640, 640)
[Inference] Got 0 detections.

0: 640x640 (no detections), 217.0ms
Speed: 5.4ms preprocess, 217.0ms inference, 2.7ms postprocess per image at shape (1, 3, 640, 640)
[Inference] Got 0 detections.

0: 640x640 (no detections), 215.8ms
Speed: 6.2ms preprocess, 215.8ms inference, 4.7ms postprocess per image at shape (1, 3, 640, 640)
[Inference] Got 0 detections.

0: 640x640 (no detections), 209.9ms
Speed: 5.8ms preprocess, 209.9ms inference, 4.9ms postprocess per image at shape (1, 3, 640, 640)
[Inference] Got 0 detections.

0: 640x640 (no detections), 213.0ms
Speed: 5.3ms preprocess, 213.0ms inference, 3.0ms postprocess per image at shape (1, 3, 640, 640)
[Inference] Got 0 detections.

0: 640x640 (no detections), 242.0ms
Speed: 5.7ms preprocess, 242.0ms inference, 4.7ms postprocess per image at shape (1, 3, 640, 640)
[Inference] Got 0 detections.

0: 640x640 (no detections), 218.1ms
Speed: 5.4ms preprocess, 218.1ms inference, 3.1ms postprocess per image at shape (1, 3, 640, 640)
[Inference] Got 0 detections.

0: 640x640 (no detections), 218.1ms
Speed: 5.4ms preprocess, 218.1ms inference, 2.9ms postprocess per image at shape (1, 3, 640, 640)
[Inference] Got 0 detections.

0: 640x640 (no detections), 225.3ms
Speed: 5.8ms preprocess, 225.3ms inference, 4.0ms postprocess per image at shape (1, 3, 640, 640)
[Inference] Got 0 detections.

0: 640x640 (no detections), 215.9ms
Speed: 5.3ms preprocess, 215.9ms inference, 2.8ms postprocess per image at shape (1, 3, 640, 640)
[Inference] Got 0 detections.

0: 640x640 (no detections), 225.6ms
Speed: 5.3ms preprocess, 225.6ms inference, 3.1ms postprocess per image at shape (1, 3, 640, 640)
[Inference] Got 0 detections.

0: 640x640 (no detections), 218.7ms
Speed: 6.2ms preprocess, 218.7ms inference, 4.7ms postprocess per image at shape (1, 3, 640, 640)
[Inference] Got 0 detections.

0: 640x640 (no detections), 226.6ms
Speed: 5.4ms preprocess, 226.6ms inference, 3.1ms postprocess per image at shape (1, 3, 640, 640)
[Inference] Got 0 detections.

0: 640x640 (no detections), 227.9ms
Speed: 7.1ms preprocess, 227.9ms inference, 2.7ms postprocess per image at shape (1, 3, 640, 640)
[Inference] Got 0 detections.

0: 640x640 (no detections), 218.4ms
Speed: 6.9ms preprocess, 218.4ms inference, 3.6ms postprocess per image at shape (1, 3, 640, 640)
[Inference] Got 0 detections.

0: 640x640 (no detections), 213.4ms
Speed: 5.3ms preprocess, 213.4ms inference, 2.9ms postprocess per image at shape (1, 3, 640, 640)
[Inference] Got 0 detections.

0: 640x640 (no detections), 213.0ms
Speed: 5.7ms preprocess, 213.0ms inference, 3.0ms postprocess per image at shape (1, 3, 640, 640)
[Inference] Got 0 detections.

0: 640x640 (no detections), 214.4ms
Speed: 6.8ms preprocess, 214.4ms inference, 4.6ms postprocess per image at shape (1, 3, 640, 640)
[Inference] Got 0 detections.

0: 640x640 (no detections), 208.2ms
Speed: 5.4ms preprocess, 208.2ms inference, 4.3ms postprocess per image at shape (1, 3, 640, 640)
[Inference] Got 0 detections.

0: 640x640 (no detections), 214.3ms
Speed: 5.7ms preprocess, 214.3ms inference, 3.9ms postprocess per image at shape (1, 3, 640, 640)
[Inference] Got 0 detections.

0: 640x640 (no detections), 210.7ms
Speed: 5.5ms preprocess, 210.7ms inference, 3.9ms postprocess per image at shape (1, 3, 640, 640)
[Inference] Got 0 detections.

0: 640x640 (no detections), 213.9ms
Speed: 6.7ms preprocess, 213.9ms inference, 5.4ms postprocess per image at shape (1, 3, 640, 640)
[Inference] Got 0 detections.

0: 640x640 (no detections), 210.2ms
Speed: 5.4ms preprocess, 210.2ms inference, 2.9ms postprocess per image at shape (1, 3, 640, 640)
[Inference] Got 0 detections.

0: 640x640 (no detections), 216.1ms
Speed: 5.3ms preprocess, 216.1ms inference, 3.2ms postprocess per image at shape (1, 3, 640, 640)
[Inference] Got 0 detections.

0: 640x640 (no detections), 210.6ms
Speed: 5.6ms preprocess, 210.6ms inference, 3.4ms postprocess per image at shape (1, 3, 640, 640)
[Inference] Got 0 detections.

0: 640x640 (no detections), 210.1ms
Speed: 6.6ms preprocess, 210.1ms inference, 5.0ms postprocess per image at shape (1, 3, 640, 640)
[Inference] Got 0 detections.

0: 640x640 (no detections), 210.3ms
Speed: 5.3ms preprocess, 210.3ms inference, 3.2ms postprocess per image at shape (1, 3, 640, 640)
[Inference] Got 0 detections.

0: 640x640 (no detections), 214.0ms
Speed: 5.4ms preprocess, 214.0ms inference, 3.7ms postprocess per image at shape (1, 3, 640, 640)
[Inference] Got 0 detections.

0: 640x640 (no detections), 214.6ms
Speed: 5.6ms preprocess, 214.6ms inference, 2.8ms postprocess per image at shape (1, 3, 640, 640)
[Inference] Got 0 detections.

0: 640x640 (no detections), 209.3ms
Speed: 6.8ms preprocess, 209.3ms inference, 5.4ms postprocess per image at shape (1, 3, 640, 640)
[Inference] Got 0 detections.

0: 640x640 (no detections), 208.8ms
Speed: 5.2ms preprocess, 208.8ms inference, 2.6ms postprocess per image at shape (1, 3, 640, 640)
[Inference] Got 0 detections.

0: 640x640 (no detections), 211.4ms
Speed: 5.4ms preprocess, 211.4ms inference, 3.6ms postprocess per image at shape (1, 3, 640, 640)
[Inference] Got 0 detections.

0: 640x640 (no detections), 217.7ms
Speed: 5.5ms preprocess, 217.7ms inference, 3.5ms postprocess per image at shape (1, 3, 640, 640)
[Inference] Got 0 detections.

0: 640x640 (no detections), 214.3ms
Speed: 6.7ms preprocess, 214.3ms inference, 4.0ms postprocess per image at shape (1, 3, 640, 640)
[Inference] Got 0 detections.

0: 640x640 (no detections), 211.8ms
Speed: 5.9ms preprocess, 211.8ms inference, 3.6ms postprocess per image at shape (1, 3, 640, 640)
[Inference] Got 0 detections.

0: 640x640 (no detections), 214.5ms
Speed: 5.5ms preprocess, 214.5ms inference, 2.9ms postprocess per image at shape (1, 3, 640, 640)
[Inference] Got 0 detections.

0: 640x640 (no detections), 221.0ms
Speed: 6.0ms preprocess, 221.0ms inference, 3.3ms postprocess per image at shape (1, 3, 640, 640)
[Inference] Got 0 detections.

0: 640x640 (no detections), 211.7ms
Speed: 5.3ms preprocess, 211.7ms inference, 3.5ms postprocess per image at shape (1, 3, 640, 640)
[Inference] Got 0 detections.

0: 640x640 (no detections), 214.1ms
Speed: 5.3ms preprocess, 214.1ms inference, 3.5ms postprocess per image at shape (1, 3, 640, 640)
[Inference] Got 0 detections.

0: 640x640 (no detections), 215.6ms
Speed: 5.6ms preprocess, 215.6ms inference, 3.8ms postprocess per image at shape (1, 3, 640, 640)
[Inference] Got 0 detections.

0: 640x640 (no detections), 213.5ms
Speed: 6.7ms preprocess, 213.5ms inference, 3.6ms postprocess per image at shape (1, 3, 640, 640)
[Inference] Got 0 detections.

0: 640x640 (no detections), 220.1ms
Speed: 5.4ms preprocess, 220.1ms inference, 3.1ms postprocess per image at shape (1, 3, 640, 640)
[Inference] Got 0 detections.

0: 640x640 (no detections), 217.9ms
Speed: 6.3ms preprocess, 217.9ms inference, 3.3ms postprocess per image at shape (1, 3, 640, 640)
[Inference] Got 0 detections.

0: 640x640 (no detections), 220.5ms
Speed: 6.7ms preprocess, 220.5ms inference, 4.4ms postprocess per image at shape (1, 3, 640, 640)
[Inference] Got 0 detections.

0: 640x640 (no detections), 216.8ms
Speed: 5.6ms preprocess, 216.8ms inference, 3.2ms postprocess per image at shape (1, 3, 640, 640)
[Inference] Got 0 detections.

0: 640x640 (no detections), 223.1ms
Speed: 5.4ms preprocess, 223.1ms inference, 3.8ms postprocess per image at shape (1, 3, 640, 640)
[Inference] Got 0 detections.

0: 640x640 (no detections), 218.2ms
Speed: 6.5ms preprocess, 218.2ms inference, 3.4ms postprocess per image at shape (1, 3, 640, 640)
[Inference] Got 0 detections.

0: 640x640 (no detections), 214.9ms
Speed: 5.3ms preprocess, 214.9ms inference, 2.9ms postprocess per image at shape (1, 3, 640, 640)
[Inference] Got 0 detections.

0: 640x640 (no detections), 216.6ms
Speed: 5.3ms preprocess, 216.6ms inference, 2.9ms postprocess per image at shape (1, 3, 640, 640)
[Inference] Got 0 detections.

0: 640x640 (no detections), 232.8ms
Speed: 6.3ms preprocess, 232.8ms inference, 3.6ms postprocess per image at shape (1, 3, 640, 640)
[Inference] Got 0 detections.

0: 640x640 (no detections), 212.3ms
Speed: 6.0ms preprocess, 212.3ms inference, 3.3ms postprocess per image at shape (1, 3, 640, 640)
[Inference] Got 0 detections.

0: 640x640 (no detections), 214.9ms
Speed: 5.4ms preprocess, 214.9ms inference, 3.0ms postprocess per image at shape (1, 3, 640, 640)
[Inference] Got 0 detections.

0: 640x640 (no detections), 216.0ms
Speed: 5.5ms preprocess, 216.0ms inference, 3.9ms postprocess per image at shape (1, 3, 640, 640)
[Inference] Got 0 detections.

0: 640x640 (no detections), 208.5ms
Speed: 5.8ms preprocess, 208.5ms inference, 3.1ms postprocess per image at shape (1, 3, 640, 640)
[Inference] Got 0 detections.

0: 640x640 (no detections), 216.8ms
Speed: 5.6ms preprocess, 216.8ms inference, 2.6ms postprocess per image at shape (1, 3, 640, 640)
[Inference] Got 0 detections.

0: 640x640 (no detections), 213.0ms
Speed: 5.6ms preprocess, 213.0ms inference, 2.9ms postprocess per image at shape (1, 3, 640, 640)
[Inference] Got 0 detections.

0: 640x640 (no detections), 215.3ms
Speed: 6.0ms preprocess, 215.3ms inference, 3.9ms postprocess per image at shape (1, 3, 640, 640)
[Inference] Got 0 detections.

0: 640x640 (no detections), 208.8ms
Speed: 5.5ms preprocess, 208.8ms inference, 3.6ms postprocess per image at shape (1, 3, 640, 640)
[Inference] Got 0 detections.

0: 640x640 (no detections), 216.5ms
Speed: 5.8ms preprocess, 216.5ms inference, 3.0ms postprocess per image at shape (1, 3, 640, 640)
[Inference] Got 0 detections.

0: 640x640 (no detections), 209.7ms
Speed: 5.5ms preprocess, 209.7ms inference, 2.8ms postprocess per image at shape (1, 3, 640, 640)
[Inference] Got 0 detections.

0: 640x640 (no detections), 212.3ms
Speed: 6.4ms preprocess, 212.3ms inference, 3.4ms postprocess per image at shape (1, 3, 640, 640)
[Inference] Got 0 detections.

0: 640x640 (no detections), 210.5ms
Speed: 5.4ms preprocess, 210.5ms inference, 2.8ms postprocess per image at shape (1, 3, 640, 640)
[Inference] Got 0 detections.

0: 640x640 (no detections), 210.7ms
Speed: 5.2ms preprocess, 210.7ms inference, 3.1ms postprocess per image at shape (1, 3, 640, 640)
[Inference] Got 0 detections.

0: 640x640 (no detections), 220.5ms
Speed: 5.9ms preprocess, 220.5ms inference, 2.7ms postprocess per image at shape (1, 3, 640, 640)
[Inference] Got 0 detections.

0: 640x640 (no detections), 215.9ms
Speed: 6.6ms preprocess, 215.9ms inference, 2.9ms postprocess per image at shape (1, 3, 640, 640)
[Inference] Got 0 detections.

0: 640x640 (no detections), 213.4ms
Speed: 6.0ms preprocess, 213.4ms inference, 2.9ms postprocess per image at shape (1, 3, 640, 640)
[Inference] Got 0 detections.

0: 640x640 (no detections), 213.7ms
Speed: 5.3ms preprocess, 213.7ms inference, 3.0ms postprocess per image at shape (1, 3, 640, 640)
[Inference] Got 0 detections.

0: 640x640 (no detections), 222.6ms
Speed: 5.5ms preprocess, 222.6ms inference, 5.7ms postprocess per image at shape (1, 3, 640, 640)
[Inference] Got 0 detections.

0: 640x640 (no detections), 210.1ms
Speed: 5.4ms preprocess, 210.1ms inference, 3.7ms postprocess per image at shape (1, 3, 640, 640)
[Inference] Got 0 detections.

0: 640x640 (no detections), 212.0ms
Speed: 5.4ms preprocess, 212.0ms inference, 2.8ms postprocess per image at shape (1, 3, 640, 640)
[Inference] Got 0 detections.

0: 640x640 (no detections), 214.2ms
Speed: 5.8ms preprocess, 214.2ms inference, 3.1ms postprocess per image at shape (1, 3, 640, 640)
[Inference] Got 0 detections.

0: 640x640 (no detections), 216.2ms
Speed: 6.6ms preprocess, 216.2ms inference, 3.2ms postprocess per image at shape (1, 3, 640, 640)
[Inference] Got 0 detections.

0: 640x640 (no detections), 216.7ms
Speed: 5.7ms preprocess, 216.7ms inference, 2.9ms postprocess per image at shape (1, 3, 640, 640)
[Inference] Got 0 detections.

0: 640x640 (no detections), 216.3ms
Speed: 5.4ms preprocess, 216.3ms inference, 3.0ms postprocess per image at shape (1, 3, 640, 640)
[Inference] Got 0 detections.

0: 640x640 (no detections), 218.8ms
Speed: 5.5ms preprocess, 218.8ms inference, 3.8ms postprocess per image at shape (1, 3, 640, 640)
[Inference] Got 0 detections.

0: 640x640 (no detections), 215.4ms
Speed: 6.2ms preprocess, 215.4ms inference, 3.8ms postprocess per image at shape (1, 3, 640, 640)
[Inference] Got 0 detections.

0: 640x640 (no detections), 220.0ms
Speed: 5.3ms preprocess, 220.0ms inference, 3.1ms postprocess per image at shape (1, 3, 640, 640)
[Inference] Got 0 detections.

0: 640x640 (no detections), 222.8ms
Speed: 5.5ms preprocess, 222.8ms inference, 4.3ms postprocess per image at shape (1, 3, 640, 640)
[Inference] Got 0 detections.

0: 640x640 (no detections), 213.8ms
Speed: 5.9ms preprocess, 213.8ms inference, 4.0ms postprocess per image at shape (1, 3, 640, 640)
[Inference] Got 0 detections.

0: 640x640 (no detections), 215.8ms
Speed: 5.3ms preprocess, 215.8ms inference, 3.1ms postprocess per image at shape (1, 3, 640, 640)
[Inference] Got 0 detections.

0: 640x640 (no detections), 224.0ms
Speed: 5.8ms preprocess, 224.0ms inference, 4.4ms postprocess per image at shape (1, 3, 640, 640)
[Inference] Got 0 detections.

0: 640x640 (no detections), 212.4ms
Speed: 8.0ms preprocess, 212.4ms inference, 2.9ms postprocess per image at shape (1, 3, 640, 640)
[Inference] Got 0 detections.

0: 640x640 (no detections), 215.0ms
Speed: 5.6ms preprocess, 215.0ms inference, 3.1ms postprocess per image at shape (1, 3, 640, 640)
[Inference] Got 0 detections.

0: 640x640 (no detections), 216.1ms
Speed: 6.2ms preprocess, 216.1ms inference, 2.7ms postprocess per image at shape (1, 3, 640, 640)
[Inference] Got 0 detections.

0: 640x640 (no detections), 218.9ms
Speed: 6.2ms preprocess, 218.9ms inference, 4.2ms postprocess per image at shape (1, 3, 640, 640)
[Inference] Got 0 detections.

0: 640x640 (no detections), 216.9ms
Speed: 5.4ms preprocess, 216.9ms inference, 3.3ms postprocess per image at shape (1, 3, 640, 640)
[Inference] Got 0 detections.

0: 640x640 (no detections), 213.9ms
Speed: 5.3ms preprocess, 213.9ms inference, 2.7ms postprocess per image at shape (1, 3, 640, 640)
[Inference] Got 0 detections.

0: 640x640 (no detections), 218.6ms
Speed: 5.5ms preprocess, 218.6ms inference, 3.9ms postprocess per image at shape (1, 3, 640, 640)
[Inference] Got 0 detections.

0: 640x640 (no detections), 208.6ms
Speed: 6.0ms preprocess, 208.6ms inference, 3.3ms postprocess per image at shape (1, 3, 640, 640)
[Inference] Got 0 detections.

0: 640x640 (no detections), 216.3ms
Speed: 5.6ms preprocess, 216.3ms inference, 2.8ms postprocess per image at shape (1, 3, 640, 640)
[Inference] Got 0 detections.

0: 640x640 (no detections), 212.7ms
Speed: 5.9ms preprocess, 212.7ms inference, 2.7ms postprocess per image at shape (1, 3, 640, 640)
[Inference] Got 0 detections.

0: 640x640 (no detections), 214.7ms
Speed: 6.2ms preprocess, 214.7ms inference, 4.7ms postprocess per image at shape (1, 3, 640, 640)
[Inference] Got 0 detections.

0: 640x640 (no detections), 218.1ms
Speed: 5.6ms preprocess, 218.1ms inference, 3.4ms postprocess per image at shape (1, 3, 640, 640)
[Inference] Got 0 detections.

0: 640x640 (no detections), 217.8ms
Speed: 5.3ms preprocess, 217.8ms inference, 3.7ms postprocess per image at shape (1, 3, 640, 640)
[Inference] Got 0 detections.

0: 640x640 (no detections), 216.4ms
Speed: 5.6ms preprocess, 216.4ms inference, 4.6ms postprocess per image at shape (1, 3, 640, 640)
[Inference] Got 0 detections.

0: 640x640 (no detections), 212.7ms
Speed: 6.7ms preprocess, 212.7ms inference, 3.0ms postprocess per image at shape (1, 3, 640, 640)
[Inference] Got 0 detections.

0: 640x640 (no detections), 213.7ms
Speed: 6.0ms preprocess, 213.7ms inference, 2.8ms postprocess per image at shape (1, 3, 640, 640)
[Inference] Got 0 detections.

0: 640x640 (no detections), 214.0ms
Speed: 5.5ms preprocess, 214.0ms inference, 2.7ms postprocess per image at shape (1, 3, 640, 640)
[Inference] Got 0 detections.

0: 640x640 (no detections), 222.1ms
Speed: 6.1ms preprocess, 222.1ms inference, 4.5ms postprocess per image at shape (1, 3, 640, 640)
[Inference] Got 0 detections.

0: 640x640 (no detections), 209.1ms
Speed: 5.4ms preprocess, 209.1ms inference, 3.1ms postprocess per image at shape (1, 3, 640, 640)
[Inference] Got 0 detections.

0: 640x640 (no detections), 212.7ms
Speed: 5.5ms preprocess, 212.7ms inference, 3.1ms postprocess per image at shape (1, 3, 640, 640)
[Inference] Got 0 detections.

0: 640x640 (no detections), 215.5ms
Speed: 5.5ms preprocess, 215.5ms inference, 7.5ms postprocess per image at shape (1, 3, 640, 640)
[Inference] Got 0 detections.

0: 640x640 (no detections), 213.1ms
Speed: 5.6ms preprocess, 213.1ms inference, 3.8ms postprocess per image at shape (1, 3, 640, 640)
[Inference] Got 0 detections.

0: 640x640 (no detections), 214.3ms
Speed: 5.3ms preprocess, 214.3ms inference, 3.2ms postprocess per image at shape (1, 3, 640, 640)
[Inference] Got 0 detections.

0: 640x640 (no detections), 215.5ms
Speed: 5.8ms preprocess, 215.5ms inference, 2.5ms postprocess per image at shape (1, 3, 640, 640)
[Inference] Got 0 detections.

0: 640x640 (no detections), 216.3ms
Speed: 6.6ms preprocess, 216.3ms inference, 3.5ms postprocess per image at shape (1, 3, 640, 640)
[Inference] Got 0 detections.

0: 640x640 (no detections), 211.7ms
Speed: 6.1ms preprocess, 211.7ms inference, 2.8ms postprocess per image at shape (1, 3, 640, 640)
[Inference] Got 0 detections.

0: 640x640 (no detections), 218.9ms
Speed: 5.5ms preprocess, 218.9ms inference, 2.6ms postprocess per image at shape (1, 3, 640, 640)
[Inference] Got 0 detections.

0: 640x640 (no detections), 222.2ms
Speed: 5.6ms preprocess, 222.2ms inference, 4.7ms postprocess per image at shape (1, 3, 640, 640)
[Inference] Got 0 detections.

0: 640x640 (no detections), 214.2ms
Speed: 5.4ms preprocess, 214.2ms inference, 2.6ms postprocess per image at shape (1, 3, 640, 640)
[Inference] Got 0 detections.

0: 640x640 (no detections), 251.6ms
Speed: 5.4ms preprocess, 251.6ms inference, 3.1ms postprocess per image at shape (1, 3, 640, 640)
[Inference] Got 0 detections.

0: 640x640 (no detections), 247.2ms
Speed: 8.3ms preprocess, 247.2ms inference, 4.8ms postprocess per image at shape (1, 3, 640, 640)
[Inference] Got 0 detections.

0: 640x640 (no detections), 222.1ms
Speed: 6.9ms preprocess, 222.1ms inference, 4.1ms postprocess per image at shape (1, 3, 640, 640)
[Inference] Got 0 detections.

0: 640x640 (no detections), 212.4ms
Speed: 6.7ms preprocess, 212.4ms inference, 2.9ms postprocess per image at shape (1, 3, 640, 640)
[Inference] Got 0 detections.

0: 640x640 (no detections), 219.6ms
Speed: 5.9ms preprocess, 219.6ms inference, 3.2ms postprocess per image at shape (1, 3, 640, 640)
[Inference] Got 0 detections.

0: 640x640 (no detections), 229.0ms
Speed: 5.7ms preprocess, 229.0ms inference, 4.0ms postprocess per image at shape (1, 3, 640, 640)
[Inference] Got 0 detections.

0: 640x640 (no detections), 218.0ms
Speed: 5.7ms preprocess, 218.0ms inference, 3.0ms postprocess per image at shape (1, 3, 640, 640)
[Inference] Got 0 detections.

0: 640x640 (no detections), 219.8ms
Speed: 5.5ms preprocess, 219.8ms inference, 2.6ms postprocess per image at shape (1, 3, 640, 640)
[Inference] Got 0 detections.

0: 640x640 (no detections), 217.9ms
Speed: 5.5ms preprocess, 217.9ms inference, 7.3ms postprocess per image at shape (1, 3, 640, 640)
[Inference] Got 0 detections.

0: 640x640 (no detections), 214.8ms
Speed: 5.5ms preprocess, 214.8ms inference, 3.0ms postprocess per image at shape (1, 3, 640, 640)
[Inference] Got 0 detections.

0: 640x640 (no detections), 213.8ms
Speed: 5.6ms preprocess, 213.8ms inference, 2.6ms postprocess per image at shape (1, 3, 640, 640)
[Inference] Got 0 detections.

0: 640x640 (no detections), 215.5ms
Speed: 5.6ms preprocess, 215.5ms inference, 4.0ms postprocess per image at shape (1, 3, 640, 640)
[Inference] Got 0 detections.

0: 640x640 (no detections), 216.6ms
Speed: 6.3ms preprocess, 216.6ms inference, 4.6ms postprocess per image at shape (1, 3, 640, 640)
[Inference] Got 0 detections.

0: 640x640 (no detections), 210.8ms
Speed: 5.4ms preprocess, 210.8ms inference, 3.2ms postprocess per image at shape (1, 3, 640, 640)
[Inference] Got 0 detections.

0: 640x640 (no detections), 216.4ms
Speed: 5.7ms preprocess, 216.4ms inference, 3.2ms postprocess per image at shape (1, 3, 640, 640)
[Inference] Got 0 detections.

0: 640x640 (no detections), 217.9ms
Speed: 5.6ms preprocess, 217.9ms inference, 3.8ms postprocess per image at shape (1, 3, 640, 640)
[Inference] Got 0 detections.

0: 640x640 (no detections), 209.5ms
Speed: 5.6ms preprocess, 209.5ms inference, 3.8ms postprocess per image at shape (1, 3, 640, 640)
[Inference] Got 0 detections.

0: 640x640 (no detections), 210.9ms
Speed: 5.4ms preprocess, 210.9ms inference, 3.0ms postprocess per image at shape (1, 3, 640, 640)
[Inference] Got 0 detections.

0: 640x640 (no detections), 215.4ms
Speed: 5.3ms preprocess, 215.4ms inference, 2.5ms postprocess per image at shape (1, 3, 640, 640)
[Inference] Got 0 detections.

0: 640x640 (no detections), 217.0ms
Speed: 6.2ms preprocess, 217.0ms inference, 6.2ms postprocess per image at shape (1, 3, 640, 640)
[Inference] Got 0 detections.

0: 640x640 (no detections), 210.8ms
Speed: 6.2ms preprocess, 210.8ms inference, 3.1ms postprocess per image at shape (1, 3, 640, 640)
[Inference] Got 0 detections.

0: 640x640 (no detections), 212.9ms
Speed: 5.4ms preprocess, 212.9ms inference, 2.6ms postprocess per image at shape (1, 3, 640, 640)
[Inference] Got 0 detections.

0: 640x640 (no detections), 213.5ms
Speed: 5.6ms preprocess, 213.5ms inference, 3.2ms postprocess per image at shape (1, 3, 640, 640)
[Inference] Got 0 detections.

0: 640x640 (no detections), 219.4ms
Speed: 6.7ms preprocess, 219.4ms inference, 4.9ms postprocess per image at shape (1, 3, 640, 640)
[Inference] Got 0 detections.

0: 640x640 (no detections), 213.0ms
Speed: 5.4ms preprocess, 213.0ms inference, 3.2ms postprocess per image at shape (1, 3, 640, 640)
[Inference] Got 0 detections.

0: 640x640 (no detections), 214.8ms
Speed: 5.5ms preprocess, 214.8ms inference, 3.0ms postprocess per image at shape (1, 3, 640, 640)
[Inference] Got 0 detections.

0: 640x640 (no detections), 219.7ms
Speed: 5.5ms preprocess, 219.7ms inference, 5.1ms postprocess per image at shape (1, 3, 640, 640)
[Inference] Got 0 detections.

0: 640x640 (no detections), 217.9ms
Speed: 5.6ms preprocess, 217.9ms inference, 3.3ms postprocess per image at shape (1, 3, 640, 640)
[Inference] Got 0 detections.

0: 640x640 (no detections), 212.9ms
Speed: 5.3ms preprocess, 212.9ms inference, 3.2ms postprocess per image at shape (1, 3, 640, 640)
[Inference] Got 0 detections.

0: 640x640 (no detections), 216.3ms
Speed: 5.4ms preprocess, 216.3ms inference, 2.6ms postprocess per image at shape (1, 3, 640, 640)
[Inference] Got 0 detections.

0: 640x640 (no detections), 231.8ms
Speed: 6.3ms preprocess, 231.8ms inference, 3.3ms postprocess per image at shape (1, 3, 640, 640)
[Inference] Got 0 detections.

0: 640x640 (no detections), 222.5ms
Speed: 5.4ms preprocess, 222.5ms inference, 2.9ms postprocess per image at shape (1, 3, 640, 640)
[Inference] Got 0 detections.

0: 640x640 (no detections), 218.9ms
Speed: 5.5ms preprocess, 218.9ms inference, 4.4ms postprocess per image at shape (1, 3, 640, 640)
[Inference] Got 0 detections.

0: 640x640 (no detections), 213.5ms
Speed: 5.6ms preprocess, 213.5ms inference, 3.4ms postprocess per image at shape (1, 3, 640, 640)
[Inference] Got 0 detections.

0: 640x640 (no detections), 216.1ms
Speed: 5.5ms preprocess, 216.1ms inference, 5.5ms postprocess per image at shape (1, 3, 640, 640)
[Inference] Got 0 detections.

0: 640x640 (no detections), 221.9ms
Speed: 5.4ms preprocess, 221.9ms inference, 7.2ms postprocess per image at shape (1, 3, 640, 640)
[Inference] Got 0 detections.

0: 640x640 (no detections), 223.1ms
Speed: 5.5ms preprocess, 223.1ms inference, 2.9ms postprocess per image at shape (1, 3, 640, 640)
[Inference] Got 0 detections.

0: 640x640 (no detections), 217.9ms
Speed: 5.4ms preprocess, 217.9ms inference, 2.5ms postprocess per image at shape (1, 3, 640, 640)
[Inference] Got 0 detections.

0: 640x640 (no detections), 222.2ms
Speed: 5.6ms preprocess, 222.2ms inference, 4.1ms postprocess per image at shape (1, 3, 640, 640)
[Inference] Got 0 detections.

0: 640x640 (no detections), 215.9ms
Speed: 5.6ms preprocess, 215.9ms inference, 3.5ms postprocess per image at shape (1, 3, 640, 640)
[Inference] Got 0 detections.

0: 640x640 (no detections), 221.0ms
Speed: 5.3ms preprocess, 221.0ms inference, 3.0ms postprocess per image at shape (1, 3, 640, 640)
[Inference] Got 0 detections.

0: 640x640 (no detections), 218.6ms
Speed: 5.4ms preprocess, 218.6ms inference, 7.2ms postprocess per image at shape (1, 3, 640, 640)
[Inference] Got 0 detections.

0: 640x640 (no detections), 214.4ms
Speed: 5.9ms preprocess, 214.4ms inference, 3.1ms postprocess per image at shape (1, 3, 640, 640)
[Inference] Got 0 detections.

0: 640x640 (no detections), 215.8ms
Speed: 5.3ms preprocess, 215.8ms inference, 3.1ms postprocess per image at shape (1, 3, 640, 640)
[Inference] Got 0 detections.

0: 640x640 (no detections), 224.1ms
Speed: 5.7ms preprocess, 224.1ms inference, 5.3ms postprocess per image at shape (1, 3, 640, 640)
[Inference] Got 0 detections.

0: 640x640 (no detections), 226.1ms
Speed: 6.8ms preprocess, 226.1ms inference, 3.3ms postprocess per image at shape (1, 3, 640, 640)
[Inference] Got 0 detections.

0: 640x640 (no detections), 214.4ms
Speed: 5.7ms preprocess, 214.4ms inference, 2.8ms postprocess per image at shape (1, 3, 640, 640)
[Inference] Got 0 detections.

0: 640x640 (no detections), 217.2ms
Speed: 6.2ms preprocess, 217.2ms inference, 5.4ms postprocess per image at shape (1, 3, 640, 640)
[Inference] Got 0 detections.

0: 640x640 (no detections), 209.4ms
Speed: 5.4ms preprocess, 209.4ms inference, 3.3ms postprocess per image at shape (1, 3, 640, 640)
[Inference] Got 0 detections.

0: 640x640 (no detections), 216.0ms
Speed: 5.5ms preprocess, 216.0ms inference, 3.6ms postprocess per image at shape (1, 3, 640, 640)
[Inference] Got 0 detections.

0: 640x640 (no detections), 214.9ms
Speed: 5.5ms preprocess, 214.9ms inference, 2.9ms postprocess per image at shape (1, 3, 640, 640)
[Inference] Got 0 detections.

0: 640x640 (no detections), 218.2ms
Speed: 6.1ms preprocess, 218.2ms inference, 4.4ms postprocess per image at shape (1, 3, 640, 640)
[Inference] Got 0 detections.

0: 640x640 (no detections), 217.0ms
Speed: 6.1ms preprocess, 217.0ms inference, 2.9ms postprocess per image at shape (1, 3, 640, 640)
[Inference] Got 0 detections.

0: 640x640 (no detections), 224.0ms
Speed: 6.0ms preprocess, 224.0ms inference, 3.5ms postprocess per image at shape (1, 3, 640, 640)
[Inference] Got 0 detections.

0: 640x640 (no detections), 220.6ms
Speed: 6.8ms preprocess, 220.6ms inference, 4.0ms postprocess per image at shape (1, 3, 640, 640)
[Inference] Got 0 detections.

0: 640x640 (no detections), 228.1ms
Speed: 5.6ms preprocess, 228.1ms inference, 3.2ms postprocess per image at shape (1, 3, 640, 640)
[Inference] Got 0 detections.

0: 640x640 (no detections), 251.2ms
Speed: 6.0ms preprocess, 251.2ms inference, 4.3ms postprocess per image at shape (1, 3, 640, 640)
[Inference] Got 0 detections.

0: 640x640 (no detections), 222.5ms
Speed: 5.3ms preprocess, 222.5ms inference, 3.1ms postprocess per image at shape (1, 3, 640, 640)
[Inference] Got 0 detections.

0: 640x640 (no detections), 216.7ms
Speed: 5.5ms preprocess, 216.7ms inference, 3.0ms postprocess per image at shape (1, 3, 640, 640)
[Inference] Got 0 detections.

0: 640x640 (no detections), 209.1ms
Speed: 6.8ms preprocess, 209.1ms inference, 4.5ms postprocess per image at shape (1, 3, 640, 640)
[Inference] Got 0 detections.

0: 640x640 (no detections), 219.3ms
Speed: 6.0ms preprocess, 219.3ms inference, 2.6ms postprocess per image at shape (1, 3, 640, 640)
[Inference] Got 0 detections.

0: 640x640 (no detections), 218.0ms
Speed: 6.1ms preprocess, 218.0ms inference, 2.8ms postprocess per image at shape (1, 3, 640, 640)
[Inference] Got 0 detections.

0: 640x640 (no detections), 217.5ms
Speed: 6.3ms preprocess, 217.5ms inference, 3.8ms postprocess per image at shape (1, 3, 640, 640)
[Inference] Got 0 detections.

0: 640x640 (no detections), 214.5ms
Speed: 6.1ms preprocess, 214.5ms inference, 3.1ms postprocess per image at shape (1, 3, 640, 640)
[Inference] Got 0 detections.

0: 640x640 (no detections), 216.9ms
Speed: 5.4ms preprocess, 216.9ms inference, 2.9ms postprocess per image at shape (1, 3, 640, 640)
[Inference] Got 0 detections.

0: 640x640 (no detections), 221.8ms
Speed: 5.5ms preprocess, 221.8ms inference, 3.6ms postprocess per image at shape (1, 3, 640, 640)
[Inference] Got 0 detections.

0: 640x640 (no detections), 217.1ms
Speed: 7.1ms preprocess, 217.1ms inference, 2.6ms postprocess per image at shape (1, 3, 640, 640)
[Inference] Got 0 detections.

0: 640x640 (no detections), 216.3ms
Speed: 6.2ms preprocess, 216.3ms inference, 3.4ms postprocess per image at shape (1, 3, 640, 640)
[Inference] Got 0 detections.

0: 640x640 (no detections), 222.2ms
Speed: 5.6ms preprocess, 222.2ms inference, 4.5ms postprocess per image at shape (1, 3, 640, 640)
[Inference] Got 0 detections.

0: 640x640 (no detections), 215.3ms
Speed: 5.9ms preprocess, 215.3ms inference, 3.7ms postprocess per image at shape (1, 3, 640, 640)
[Inference] Got 0 detections.

0: 640x640 (no detections), 223.7ms
Speed: 5.6ms preprocess, 223.7ms inference, 2.6ms postprocess per image at shape (1, 3, 640, 640)
[Inference] Got 0 detections.

0: 640x640 (no detections), 226.0ms
Speed: 5.6ms preprocess, 226.0ms inference, 6.0ms postprocess per image at shape (1, 3, 640, 640)
[Inference] Got 0 detections.

0: 640x640 (no detections), 219.3ms
Speed: 5.5ms preprocess, 219.3ms inference, 2.7ms postprocess per image at shape (1, 3, 640, 640)
[Inference] Got 0 detections.

0: 640x640 (no detections), 219.9ms
Speed: 5.7ms preprocess, 219.9ms inference, 2.6ms postprocess per image at shape (1, 3, 640, 640)
[Inference] Got 0 detections.

0: 640x640 (no detections), 230.0ms
Speed: 6.3ms preprocess, 230.0ms inference, 4.9ms postprocess per image at shape (1, 3, 640, 640)
[Inference] Got 0 detections.

0: 640x640 (no detections), 218.4ms
Speed: 6.6ms preprocess, 218.4ms inference, 3.1ms postprocess per image at shape (1, 3, 640, 640)
[Inference] Got 0 detections.

0: 640x640 (no detections), 217.4ms
Speed: 6.3ms preprocess, 217.4ms inference, 3.0ms postprocess per image at shape (1, 3, 640, 640)
[Inference] Got 0 detections.

0: 640x640 (no detections), 234.4ms
Speed: 6.6ms preprocess, 234.4ms inference, 4.9ms postprocess per image at shape (1, 3, 640, 640)
[Inference] Got 0 detections.

0: 640x640 (no detections), 214.1ms
Speed: 5.4ms preprocess, 214.1ms inference, 2.7ms postprocess per image at shape (1, 3, 640, 640)
[Inference] Got 0 detections.

0: 640x640 (no detections), 224.5ms
Speed: 5.4ms preprocess, 224.5ms inference, 4.5ms postprocess per image at shape (1, 3, 640, 640)
[Inference] Got 0 detections.

0: 640x640 (no detections), 211.7ms
Speed: 6.1ms preprocess, 211.7ms inference, 3.9ms postprocess per image at shape (1, 3, 640, 640)
[Inference] Got 0 detections.

0: 640x640 (no detections), 218.9ms
Speed: 5.4ms preprocess, 218.9ms inference, 2.8ms postprocess per image at shape (1, 3, 640, 640)
[Inference] Got 0 detections.

0: 640x640 (no detections), 221.3ms
Speed: 5.8ms preprocess, 221.3ms inference, 3.1ms postprocess per image at shape (1, 3, 640, 640)
[Inference] Got 0 detections.

0: 640x640 (no detections), 223.0ms
Speed: 6.7ms preprocess, 223.0ms inference, 4.9ms postprocess per image at shape (1, 3, 640, 640)
[Inference] Got 0 detections.

0: 640x640 (no detections), 217.8ms
Speed: 5.4ms preprocess, 217.8ms inference, 3.7ms postprocess per image at shape (1, 3, 640, 640)
[Inference] Got 0 detections.

0: 640x640 (no detections), 215.3ms
Speed: 5.5ms preprocess, 215.3ms inference, 3.5ms postprocess per image at shape (1, 3, 640, 640)
[Inference] Got 0 detections.

0: 640x640 (no detections), 213.2ms
Speed: 6.6ms preprocess, 213.2ms inference, 4.5ms postprocess per image at shape (1, 3, 640, 640)
[Inference] Got 0 detections.

0: 640x640 (no detections), 217.3ms
Speed: 6.1ms preprocess, 217.3ms inference, 2.9ms postprocess per image at shape (1, 3, 640, 640)
[Inference] Got 0 detections.

0: 640x640 (no detections), 215.1ms
Speed: 5.4ms preprocess, 215.1ms inference, 3.0ms postprocess per image at shape (1, 3, 640, 640)
[Inference] Got 0 detections.

0: 640x640 (no detections), 216.2ms
Speed: 6.4ms preprocess, 216.2ms inference, 3.3ms postprocess per image at shape (1, 3, 640, 640)
[Inference] Got 0 detections.

0: 640x640 (no detections), 212.1ms
Speed: 5.7ms preprocess, 212.1ms inference, 3.1ms postprocess per image at shape (1, 3, 640, 640)
[Inference] Got 0 detections.

0: 640x640 (no detections), 214.5ms
Speed: 6.2ms preprocess, 214.5ms inference, 3.3ms postprocess per image at shape (1, 3, 640, 640)
[Inference] Got 0 detections.

0: 640x640 (no detections), 218.1ms
Speed: 5.5ms preprocess, 218.1ms inference, 3.5ms postprocess per image at shape (1, 3, 640, 640)
[Inference] Got 0 detections.

0: 640x640 (no detections), 211.7ms
Speed: 6.8ms preprocess, 211.7ms inference, 3.7ms postprocess per image at shape (1, 3, 640, 640)
[Inference] Got 0 detections.

0: 640x640 (no detections), 212.2ms
Speed: 5.9ms preprocess, 212.2ms inference, 3.7ms postprocess per image at shape (1, 3, 640, 640)
[Inference] Got 0 detections.

0: 640x640 (no detections), 215.5ms
Speed: 5.5ms preprocess, 215.5ms inference, 3.1ms postprocess per image at shape (1, 3, 640, 640)
[Inference] Got 0 detections.

0: 640x640 (no detections), 223.5ms
Speed: 5.5ms preprocess, 223.5ms inference, 4.3ms postprocess per image at shape (1, 3, 640, 640)
[Inference] Got 0 detections.

0: 640x640 (no detections), 212.7ms
Speed: 5.3ms preprocess, 212.7ms inference, 2.6ms postprocess per image at shape (1, 3, 640, 640)
[Inference] Got 0 detections.

0: 640x640 (no detections), 216.6ms
Speed: 6.2ms preprocess, 216.6ms inference, 3.2ms postprocess per image at shape (1, 3, 640, 640)
[Inference] Got 0 detections.

0: 640x640 (no detections), 218.0ms
Speed: 5.5ms preprocess, 218.0ms inference, 2.5ms postprocess per image at shape (1, 3, 640, 640)
[Inference] Got 0 detections.

0: 640x640 (no detections), 216.1ms
Speed: 6.7ms preprocess, 216.1ms inference, 4.7ms postprocess per image at shape (1, 3, 640, 640)
[Inference] Got 0 detections.

0: 640x640 (no detections), 215.9ms
Speed: 5.8ms preprocess, 215.9ms inference, 2.9ms postprocess per image at shape (1, 3, 640, 640)
[Inference] Got 0 detections.

0: 640x640 (no detections), 220.5ms
Speed: 5.8ms preprocess, 220.5ms inference, 3.3ms postprocess per image at shape (1, 3, 640, 640)
[Inference] Got 0 detections.

0: 640x640 (no detections), 222.6ms
Speed: 6.5ms preprocess, 222.6ms inference, 3.3ms postprocess per image at shape (1, 3, 640, 640)
[Inference] Got 0 detections.

0: 640x640 (no detections), 216.8ms
Speed: 5.3ms preprocess, 216.8ms inference, 2.6ms postprocess per image at shape (1, 3, 640, 640)
[Inference] Got 0 detections.

0: 640x640 (no detections), 225.6ms
Speed: 5.7ms preprocess, 225.6ms inference, 3.6ms postprocess per image at shape (1, 3, 640, 640)
[Inference] Got 0 detections.

0: 640x640 (no detections), 227.1ms
Speed: 6.2ms preprocess, 227.1ms inference, 4.2ms postprocess per image at shape (1, 3, 640, 640)
[Inference] Got 0 detections.

0: 640x640 (no detections), 235.2ms
Speed: 5.8ms preprocess, 235.2ms inference, 2.6ms postprocess per image at shape (1, 3, 640, 640)
[Inference] Got 0 detections.

0: 640x640 (no detections), 282.6ms
Speed: 7.5ms preprocess, 282.6ms inference, 3.5ms postprocess per image at shape (1, 3, 640, 640)
[Inference] Got 0 detections.

0: 640x640 (no detections), 234.6ms
Speed: 7.1ms preprocess, 234.6ms inference, 4.0ms postprocess per image at shape (1, 3, 640, 640)
[Inference] Got 0 detections.

0: 640x640 (no detections), 223.7ms
Speed: 6.1ms preprocess, 223.7ms inference, 2.9ms postprocess per image at shape (1, 3, 640, 640)
[Inference] Got 0 detections.

0: 640x640 (no detections), 228.2ms
Speed: 5.6ms preprocess, 228.2ms inference, 3.6ms postprocess per image at shape (1, 3, 640, 640)
[Inference] Got 0 detections.

0: 640x640 (no detections), 218.4ms
Speed: 5.6ms preprocess, 218.4ms inference, 3.1ms postprocess per image at shape (1, 3, 640, 640)
[Inference] Got 0 detections.

0: 640x640 (no detections), 224.2ms
Speed: 5.4ms preprocess, 224.2ms inference, 2.6ms postprocess per image at shape (1, 3, 640, 640)
[Inference] Got 0 detections.

0: 640x640 (no detections), 231.1ms
Speed: 7.0ms preprocess, 231.1ms inference, 5.0ms postprocess per image at shape (1, 3, 640, 640)
[Inference] Got 0 detections.

0: 640x640 (no detections), 219.7ms
Speed: 5.5ms preprocess, 219.7ms inference, 2.9ms postprocess per image at shape (1, 3, 640, 640)
[Inference] Got 0 detections.

0: 640x640 (no detections), 215.4ms
Speed: 6.4ms preprocess, 215.4ms inference, 3.5ms postprocess per image at shape (1, 3, 640, 640)
[Inference] Got 0 detections.

0: 640x640 (no detections), 223.0ms
Speed: 6.8ms preprocess, 223.0ms inference, 4.9ms postprocess per image at shape (1, 3, 640, 640)
[Inference] Got 0 detections.

0: 640x640 (no detections), 216.1ms
Speed: 5.5ms preprocess, 216.1ms inference, 3.2ms postprocess per image at shape (1, 3, 640, 640)
[Inference] Got 0 detections.

0: 640x640 (no detections), 213.3ms
Speed: 6.3ms preprocess, 213.3ms inference, 2.6ms postprocess per image at shape (1, 3, 640, 640)
[Inference] Got 0 detections.

0: 640x640 (no detections), 216.4ms
Speed: 6.3ms preprocess, 216.4ms inference, 5.8ms postprocess per image at shape (1, 3, 640, 640)
[Inference] Got 0 detections.

0: 640x640 (no detections), 212.0ms
Speed: 5.4ms preprocess, 212.0ms inference, 3.2ms postprocess per image at shape (1, 3, 640, 640)
[Inference] Got 0 detections.

0: 640x640 (no detections), 219.2ms
Speed: 5.8ms preprocess, 219.2ms inference, 3.1ms postprocess per image at shape (1, 3, 640, 640)
[Inference] Got 0 detections.

0: 640x640 (no detections), 217.8ms
Speed: 5.6ms preprocess, 217.8ms inference, 4.4ms postprocess per image at shape (1, 3, 640, 640)
[Inference] Got 0 detections.

0: 640x640 (no detections), 226.0ms
Speed: 7.3ms preprocess, 226.0ms inference, 3.6ms postprocess per image at shape (1, 3, 640, 640)
[Inference] Got 0 detections.

0: 640x640 (no detections), 214.4ms
Speed: 5.4ms preprocess, 214.4ms inference, 3.1ms postprocess per image at shape (1, 3, 640, 640)
[Inference] Got 0 detections.

0: 640x640 (no detections), 224.1ms
Speed: 5.6ms preprocess, 224.1ms inference, 3.9ms postprocess per image at shape (1, 3, 640, 640)
[Inference] Got 0 detections.

0: 640x640 (no detections), 211.9ms
Speed: 5.6ms preprocess, 211.9ms inference, 2.9ms postprocess per image at shape (1, 3, 640, 640)
[Inference] Got 0 detections.

0: 640x640 (no detections), 215.5ms
Speed: 6.0ms preprocess, 215.5ms inference, 3.1ms postprocess per image at shape (1, 3, 640, 640)
[Inference] Got 0 detections.

0: 640x640 (no detections), 222.5ms
Speed: 5.6ms preprocess, 222.5ms inference, 3.3ms postprocess per image at shape (1, 3, 640, 640)
[Inference] Got 0 detections.

0: 640x640 (no detections), 223.5ms
Speed: 6.6ms preprocess, 223.5ms inference, 3.0ms postprocess per image at shape (1, 3, 640, 640)
[Inference] Got 0 detections.

0: 640x640 (no detections), 219.1ms
Speed: 5.8ms preprocess, 219.1ms inference, 3.4ms postprocess per image at shape (1, 3, 640, 640)
[Inference] Got 0 detections.

0: 640x640 (no detections), 227.7ms
Speed: 5.5ms preprocess, 227.7ms inference, 5.2ms postprocess per image at shape (1, 3, 640, 640)
[Inference] Got 0 detections.

0: 640x640 (no detections), 218.9ms
Speed: 5.4ms preprocess, 218.9ms inference, 3.4ms postprocess per image at shape (1, 3, 640, 640)
[Inference] Got 0 detections.

0: 640x640 (no detections), 227.3ms
Speed: 5.3ms preprocess, 227.3ms inference, 2.7ms postprocess per image at shape (1, 3, 640, 640)
[Inference] Got 0 detections.

0: 640x640 (no detections), 221.1ms
Speed: 6.5ms preprocess, 221.1ms inference, 3.3ms postprocess per image at shape (1, 3, 640, 640)
[Inference] Got 0 detections.

0: 640x640 (no detections), 217.5ms
Speed: 6.2ms preprocess, 217.5ms inference, 3.0ms postprocess per image at shape (1, 3, 640, 640)
[Inference] Got 0 detections.

0: 640x640 (no detections), 221.0ms
Speed: 5.4ms preprocess, 221.0ms inference, 2.9ms postprocess per image at shape (1, 3, 640, 640)
[Inference] Got 0 detections.

0: 640x640 (no detections), 225.1ms
Speed: 6.5ms preprocess, 225.1ms inference, 4.4ms postprocess per image at shape (1, 3, 640, 640)
[Inference] Got 0 detections.

0: 640x640 (no detections), 223.1ms
Speed: 5.6ms preprocess, 223.1ms inference, 3.3ms postprocess per image at shape (1, 3, 640, 640)
[Inference] Got 0 detections.

0: 640x640 (no detections), 221.3ms
Speed: 6.6ms preprocess, 221.3ms inference, 3.3ms postprocess per image at shape (1, 3, 640, 640)
[Inference] Got 0 detections.

0: 640x640 (no detections), 223.3ms
Speed: 6.4ms preprocess, 223.3ms inference, 3.4ms postprocess per image at shape (1, 3, 640, 640)
[Inference] Got 0 detections.

0: 640x640 (no detections), 219.7ms
Speed: 5.7ms preprocess, 219.7ms inference, 3.0ms postprocess per image at shape (1, 3, 640, 640)
[Inference] Got 0 detections.

0: 640x640 (no detections), 226.0ms
Speed: 5.7ms preprocess, 226.0ms inference, 7.3ms postprocess per image at shape (1, 3, 640, 640)
[Inference] Got 0 detections.

0: 640x640 (no detections), 213.3ms
Speed: 6.5ms preprocess, 213.3ms inference, 3.1ms postprocess per image at shape (1, 3, 640, 640)
[Inference] Got 0 detections.

0: 640x640 (no detections), 216.0ms
Speed: 5.8ms preprocess, 216.0ms inference, 2.6ms postprocess per image at shape (1, 3, 640, 640)
[Inference] Got 0 detections.

0: 640x640 (no detections), 217.9ms
Speed: 5.8ms preprocess, 217.9ms inference, 3.2ms postprocess per image at shape (1, 3, 640, 640)
[Inference] Got 0 detections.

0: 640x640 (no detections), 223.7ms
Speed: 6.6ms preprocess, 223.7ms inference, 3.0ms postprocess per image at shape (1, 3, 640, 640)
[Inference] Got 0 detections.

0: 640x640 (no detections), 216.4ms
Speed: 5.4ms preprocess, 216.4ms inference, 2.7ms postprocess per image at shape (1, 3, 640, 640)
[Inference] Got 0 detections.

0: 640x640 (no detections), 217.0ms
Speed: 6.3ms preprocess, 217.0ms inference, 2.6ms postprocess per image at shape (1, 3, 640, 640)
[Inference] Got 0 detections.

0: 640x640 (no detections), 219.0ms
Speed: 6.4ms preprocess, 219.0ms inference, 3.4ms postprocess per image at shape (1, 3, 640, 640)
[Inference] Got 0 detections.

0: 640x640 (no detections), 215.4ms
Speed: 5.6ms preprocess, 215.4ms inference, 2.9ms postprocess per image at shape (1, 3, 640, 640)
[Inference] Got 0 detections.

0: 640x640 (no detections), 218.2ms
Speed: 5.4ms preprocess, 218.2ms inference, 2.8ms postprocess per image at shape (1, 3, 640, 640)
[Inference] Got 0 detections.

0: 640x640 (no detections), 217.8ms
Speed: 5.6ms preprocess, 217.8ms inference, 3.5ms postprocess per image at shape (1, 3, 640, 640)
[Inference] Got 0 detections.

0: 640x640 (no detections), 213.3ms
Speed: 5.3ms preprocess, 213.3ms inference, 2.7ms postprocess per image at shape (1, 3, 640, 640)
[Inference] Got 0 detections.

0: 640x640 (no detections), 214.0ms
Speed: 5.7ms preprocess, 214.0ms inference, 3.0ms postprocess per image at shape (1, 3, 640, 640)
[Inference] Got 0 detections.

0: 640x640 (no detections), 219.5ms
Speed: 5.6ms preprocess, 219.5ms inference, 3.0ms postprocess per image at shape (1, 3, 640, 640)
[Inference] Got 0 detections.

0: 640x640 (no detections), 217.9ms
Speed: 6.0ms preprocess, 217.9ms inference, 2.9ms postprocess per image at shape (1, 3, 640, 640)
[Inference] Got 0 detections.

0: 640x640 (no detections), 212.7ms
Speed: 5.8ms preprocess, 212.7ms inference, 2.7ms postprocess per image at shape (1, 3, 640, 640)
[Inference] Got 0 detections.

0: 640x640 (no detections), 215.2ms
Speed: 5.4ms preprocess, 215.2ms inference, 2.9ms postprocess per image at shape (1, 3, 640, 640)
[Inference] Got 0 detections.

0: 640x640 (no detections), 222.9ms
Speed: 5.8ms preprocess, 222.9ms inference, 5.4ms postprocess per image at shape (1, 3, 640, 640)
[Inference] Got 0 detections.

0: 640x640 (no detections), 214.0ms
Speed: 6.3ms preprocess, 214.0ms inference, 3.0ms postprocess per image at shape (1, 3, 640, 640)
[Inference] Got 0 detections.

0: 640x640 (no detections), 213.7ms
Speed: 5.5ms preprocess, 213.7ms inference, 2.8ms postprocess per image at shape (1, 3, 640, 640)
[Inference] Got 0 detections.

0: 640x640 (no detections), 218.0ms
Speed: 5.5ms preprocess, 218.0ms inference, 7.3ms postprocess per image at shape (1, 3, 640, 640)
[Inference] Got 0 detections.

0: 640x640 (no detections), 212.3ms
Speed: 5.6ms preprocess, 212.3ms inference, 3.0ms postprocess per image at shape (1, 3, 640, 640)
[Inference] Got 0 detections.

0: 640x640 (no detections), 219.3ms
Speed: 5.9ms preprocess, 219.3ms inference, 3.3ms postprocess per image at shape (1, 3, 640, 640)
[Inference] Got 0 detections.

0: 640x640 (no detections), 218.0ms
Speed: 5.6ms preprocess, 218.0ms inference, 2.8ms postprocess per image at shape (1, 3, 640, 640)
[Inference] Got 0 detections.

0: 640x640 (no detections), 217.0ms
Speed: 6.8ms preprocess, 217.0ms inference, 5.0ms postprocess per image at shape (1, 3, 640, 640)
[Inference] Got 0 detections.

0: 640x640 (no detections), 216.0ms
Speed: 5.4ms preprocess, 216.0ms inference, 2.8ms postprocess per image at shape (1, 3, 640, 640)
[Inference] Got 0 detections.

0: 640x640 (no detections), 226.8ms
Speed: 6.1ms preprocess, 226.8ms inference, 2.8ms postprocess per image at shape (1, 3, 640, 640)
[Inference] Got 0 detections.

0: 640x640 (no detections), 220.0ms
Speed: 6.5ms preprocess, 220.0ms inference, 3.7ms postprocess per image at shape (1, 3, 640, 640)
[Inference] Got 0 detections.

0: 640x640 (no detections), 231.9ms
Speed: 6.1ms preprocess, 231.9ms inference, 3.1ms postprocess per image at shape (1, 3, 640, 640)
[Inference] Got 0 detections.

0: 640x640 (no detections), 225.1ms
Speed: 5.6ms preprocess, 225.1ms inference, 4.7ms postprocess per image at shape (1, 3, 640, 640)
[Inference] Got 0 detections.

0: 640x640 (no detections), 222.5ms
Speed: 6.0ms preprocess, 222.5ms inference, 2.8ms postprocess per image at shape (1, 3, 640, 640)
[Inference] Got 0 detections.

0: 640x640 (no detections), 223.9ms
Speed: 5.3ms preprocess, 223.9ms inference, 3.1ms postprocess per image at shape (1, 3, 640, 640)
[Inference] Got 0 detections.

0: 640x640 (no detections), 226.1ms
Speed: 6.8ms preprocess, 226.1ms inference, 3.7ms postprocess per image at shape (1, 3, 640, 640)
[Inference] Got 0 detections.

0: 640x640 (no detections), 221.0ms
Speed: 5.6ms preprocess, 221.0ms inference, 2.7ms postprocess per image at shape (1, 3, 640, 640)
[Inference] Got 0 detections.

0: 640x640 (no detections), 220.1ms
Speed: 5.7ms preprocess, 220.1ms inference, 3.4ms postprocess per image at shape (1, 3, 640, 640)
[Inference] Got 0 detections.

0: 640x640 (no detections), 226.2ms
Speed: 6.7ms preprocess, 226.2ms inference, 3.5ms postprocess per image at shape (1, 3, 640, 640)
[Inference] Got 0 detections.

0: 640x640 (no detections), 216.4ms
Speed: 5.7ms preprocess, 216.4ms inference, 2.6ms postprocess per image at shape (1, 3, 640, 640)
[Inference] Got 0 detections.

0: 640x640 (no detections), 221.1ms
Speed: 5.8ms preprocess, 221.1ms inference, 3.5ms postprocess per image at shape (1, 3, 640, 640)
[Inference] Got 0 detections.

0: 640x640 (no detections), 225.9ms
Speed: 7.3ms preprocess, 225.9ms inference, 3.6ms postprocess per image at shape (1, 3, 640, 640)
[Inference] Got 0 detections.

0: 640x640 (no detections), 223.0ms
Speed: 5.3ms preprocess, 223.0ms inference, 2.9ms postprocess per image at shape (1, 3, 640, 640)
[Inference] Got 0 detections.

0: 640x640 (no detections), 220.6ms
Speed: 5.5ms preprocess, 220.6ms inference, 4.4ms postprocess per image at shape (1, 3, 640, 640)
[Inference] Got 0 detections.

0: 640x640 (no detections), 214.0ms
Speed: 5.4ms preprocess, 214.0ms inference, 2.7ms postprocess per image at shape (1, 3, 640, 640)
[Inference] Got 0 detections.

0: 640x640 (no detections), 215.0ms
Speed: 5.3ms preprocess, 215.0ms inference, 2.8ms postprocess per image at shape (1, 3, 640, 640)
[Inference] Got 0 detections.

0: 640x640 (no detections), 220.8ms
Speed: 5.7ms preprocess, 220.8ms inference, 3.7ms postprocess per image at shape (1, 3, 640, 640)
[Inference] Got 0 detections.

0: 640x640 (no detections), 213.8ms
Speed: 6.9ms preprocess, 213.8ms inference, 4.0ms postprocess per image at shape (1, 3, 640, 640)
[Inference] Got 0 detections.

0: 640x640 (no detections), 217.2ms
Speed: 5.5ms preprocess, 217.2ms inference, 3.2ms postprocess per image at shape (1, 3, 640, 640)
[Inference] Got 0 detections.

0: 640x640 (no detections), 215.8ms
Speed: 6.2ms preprocess, 215.8ms inference, 3.1ms postprocess per image at shape (1, 3, 640, 640)
[Inference] Got 0 detections.

0: 640x640 (no detections), 218.9ms
Speed: 6.2ms preprocess, 218.9ms inference, 4.3ms postprocess per image at shape (1, 3, 640, 640)
[Inference] Got 0 detections.

0: 640x640 (no detections), 216.9ms
Speed: 5.8ms preprocess, 216.9ms inference, 3.1ms postprocess per image at shape (1, 3, 640, 640)
[Inference] Got 0 detections.

0: 640x640 (no detections), 216.7ms
Speed: 5.5ms preprocess, 216.7ms inference, 2.6ms postprocess per image at shape (1, 3, 640, 640)
[Inference] Got 0 detections.

0: 640x640 (no detections), 219.8ms
Speed: 5.6ms preprocess, 219.8ms inference, 3.4ms postprocess per image at shape (1, 3, 640, 640)
[Inference] Got 0 detections.

0: 640x640 (no detections), 217.4ms
Speed: 5.9ms preprocess, 217.4ms inference, 3.6ms postprocess per image at shape (1, 3, 640, 640)
[Inference] Got 0 detections.

0: 640x640 (no detections), 220.9ms
Speed: 5.5ms preprocess, 220.9ms inference, 2.7ms postprocess per image at shape (1, 3, 640, 640)
[Inference] Got 0 detections.

0: 640x640 (no detections), 218.0ms
Speed: 5.5ms preprocess, 218.0ms inference, 4.5ms postprocess per image at shape (1, 3, 640, 640)
[Inference] Got 0 detections.

0: 640x640 (no detections), 213.5ms
Speed: 5.3ms preprocess, 213.5ms inference, 2.6ms postprocess per image at shape (1, 3, 640, 640)
[Inference] Got 0 detections.

0: 640x640 (no detections), 215.5ms
Speed: 5.7ms preprocess, 215.5ms inference, 3.1ms postprocess per image at shape (1, 3, 640, 640)
[Inference] Got 0 detections.

0: 640x640 (no detections), 227.0ms
Speed: 5.7ms preprocess, 227.0ms inference, 3.2ms postprocess per image at shape (1, 3, 640, 640)
[Inference] Got 0 detections.

0: 640x640 (no detections), 235.4ms
Speed: 7.1ms preprocess, 235.4ms inference, 3.1ms postprocess per image at shape (1, 3, 640, 640)
[Inference] Got 0 detections.

0: 640x640 (no detections), 226.3ms
Speed: 5.7ms preprocess, 226.3ms inference, 4.1ms postprocess per image at shape (1, 3, 640, 640)
[Inference] Got 0 detections.

0: 640x640 (no detections), 227.7ms
Speed: 6.3ms preprocess, 227.7ms inference, 3.8ms postprocess per image at shape (1, 3, 640, 640)
[Inference] Got 0 detections.

0: 640x640 (no detections), 227.8ms
Speed: 5.4ms preprocess, 227.8ms inference, 3.2ms postprocess per image at shape (1, 3, 640, 640)
[Inference] Got 0 detections.

0: 640x640 (no detections), 227.8ms
Speed: 5.5ms preprocess, 227.8ms inference, 4.0ms postprocess per image at shape (1, 3, 640, 640)
[Inference] Got 0 detections.

0: 640x640 (no detections), 222.0ms
Speed: 5.4ms preprocess, 222.0ms inference, 3.2ms postprocess per image at shape (1, 3, 640, 640)
[Inference] Got 0 detections.

0: 640x640 (no detections), 221.9ms
Speed: 5.4ms preprocess, 221.9ms inference, 2.9ms postprocess per image at shape (1, 3, 640, 640)
[Inference] Got 0 detections.

0: 640x640 (no detections), 226.8ms
Speed: 6.3ms preprocess, 226.8ms inference, 3.9ms postprocess per image at shape (1, 3, 640, 640)
[Inference] Got 0 detections.

0: 640x640 (no detections), 231.4ms
Speed: 6.0ms preprocess, 231.4ms inference, 2.6ms postprocess per image at shape (1, 3, 640, 640)
[Inference] Got 0 detections.

0: 640x640 (no detections), 232.6ms
Speed: 5.6ms preprocess, 232.6ms inference, 4.5ms postprocess per image at shape (1, 3, 640, 640)
[Inference] Got 0 detections.

0: 640x640 (no detections), 224.6ms
Speed: 5.4ms preprocess, 224.6ms inference, 3.1ms postprocess per image at shape (1, 3, 640, 640)
[Inference] Got 0 detections.

0: 640x640 (no detections), 228.3ms
Speed: 5.4ms preprocess, 228.3ms inference, 3.3ms postprocess per image at shape (1, 3, 640, 640)
[Inference] Got 0 detections.

0: 640x640 (no detections), 225.7ms
Speed: 6.7ms preprocess, 225.7ms inference, 5.5ms postprocess per image at shape (1, 3, 640, 640)
[Inference] Got 0 detections.

0: 640x640 (no detections), 219.5ms
Speed: 5.4ms preprocess, 219.5ms inference, 3.0ms postprocess per image at shape (1, 3, 640, 640)
[Inference] Got 0 detections.

0: 640x640 (no detections), 220.8ms
Speed: 5.5ms preprocess, 220.8ms inference, 3.0ms postprocess per image at shape (1, 3, 640, 640)
[Inference] Got 0 detections.

0: 640x640 (no detections), 223.3ms
Speed: 6.8ms preprocess, 223.3ms inference, 3.3ms postprocess per image at shape (1, 3, 640, 640)
[Inference] Got 0 detections.

0: 640x640 (no detections), 224.4ms
Speed: 5.5ms preprocess, 224.4ms inference, 2.7ms postprocess per image at shape (1, 3, 640, 640)
[Inference] Got 0 detections.

0: 640x640 (no detections), 220.7ms
Speed: 5.8ms preprocess, 220.7ms inference, 6.3ms postprocess per image at shape (1, 3, 640, 640)
[Inference] Got 0 detections.

0: 640x640 (no detections), 228.8ms
Speed: 5.9ms preprocess, 228.8ms inference, 2.7ms postprocess per image at shape (1, 3, 640, 640)
[Inference] Got 0 detections.

0: 640x640 (no detections), 218.5ms
Speed: 5.3ms preprocess, 218.5ms inference, 3.0ms postprocess per image at shape (1, 3, 640, 640)
[Inference] Got 0 detections.

0: 640x640 (no detections), 225.2ms
Speed: 6.4ms preprocess, 225.2ms inference, 3.1ms postprocess per image at shape (1, 3, 640, 640)
[Inference] Got 0 detections.

0: 640x640 (no detections), 216.3ms
Speed: 5.3ms preprocess, 216.3ms inference, 2.9ms postprocess per image at shape (1, 3, 640, 640)
[Inference] Got 0 detections.

0: 640x640 (no detections), 218.3ms
Speed: 5.3ms preprocess, 218.3ms inference, 2.6ms postprocess per image at shape (1, 3, 640, 640)
[Inference] Got 0 detections.

0: 640x640 (no detections), 218.5ms
Speed: 6.1ms preprocess, 218.5ms inference, 4.0ms postprocess per image at shape (1, 3, 640, 640)
[Inference] Got 0 detections.

0: 640x640 (no detections), 213.8ms
Speed: 5.4ms preprocess, 213.8ms inference, 2.7ms postprocess per image at shape (1, 3, 640, 640)
[Inference] Got 0 detections.

0: 640x640 (no detections), 220.6ms
Speed: 5.3ms preprocess, 220.6ms inference, 2.9ms postprocess per image at shape (1, 3, 640, 640)
[Inference] Got 0 detections.

0: 640x640 (no detections), 218.6ms
Speed: 5.4ms preprocess, 218.6ms inference, 5.8ms postprocess per image at shape (1, 3, 640, 640)
[Inference] Got 0 detections.

0: 640x640 (no detections), 211.1ms
Speed: 6.0ms preprocess, 211.1ms inference, 2.8ms postprocess per image at shape (1, 3, 640, 640)
[Inference] Got 0 detections.

0: 640x640 (no detections), 214.4ms
Speed: 5.3ms preprocess, 214.4ms inference, 3.0ms postprocess per image at shape (1, 3, 640, 640)
[Inference] Got 0 detections.

0: 640x640 (no detections), 222.8ms
Speed: 6.0ms preprocess, 222.8ms inference, 3.1ms postprocess per image at shape (1, 3, 640, 640)
[Inference] Got 0 detections.

0: 640x640 (no detections), 213.6ms
Speed: 6.8ms preprocess, 213.6ms inference, 4.4ms postprocess per image at shape (1, 3, 640, 640)
[Inference] Got 0 detections.

0: 640x640 (no detections), 216.6ms
Speed: 6.2ms preprocess, 216.6ms inference, 3.3ms postprocess per image at shape (1, 3, 640, 640)
[Inference] Got 0 detections.

0: 640x640 (no detections), 223.0ms
Speed: 5.4ms preprocess, 223.0ms inference, 3.8ms postprocess per image at shape (1, 3, 640, 640)
[Inference] Got 0 detections.

0: 640x640 (no detections), 231.4ms
Speed: 6.0ms preprocess, 231.4ms inference, 5.3ms postprocess per image at shape (1, 3, 640, 640)
[Inference] Got 0 detections.

0: 640x640 (no detections), 222.7ms
Speed: 5.4ms preprocess, 222.7ms inference, 3.1ms postprocess per image at shape (1, 3, 640, 640)
[Inference] Got 0 detections.

0: 640x640 (no detections), 229.3ms
Speed: 5.6ms preprocess, 229.3ms inference, 5.8ms postprocess per image at shape (1, 3, 640, 640)
[Inference] Got 0 detections.

0: 640x640 (no detections), 220.0ms
Speed: 5.5ms preprocess, 220.0ms inference, 3.5ms postprocess per image at shape (1, 3, 640, 640)
[Inference] Got 0 detections.

0: 640x640 (no detections), 228.2ms
Speed: 5.5ms preprocess, 228.2ms inference, 3.3ms postprocess per image at shape (1, 3, 640, 640)
[Inference] Got 0 detections.

0: 640x640 (no detections), 232.4ms
Speed: 7.8ms preprocess, 232.4ms inference, 4.4ms postprocess per image at shape (1, 3, 640, 640)
[Inference] Got 0 detections.

0: 640x640 (no detections), 228.4ms
Speed: 6.1ms preprocess, 228.4ms inference, 2.5ms postprocess per image at shape (1, 3, 640, 640)
[Inference] Got 0 detections.

0: 640x640 (no detections), 232.7ms
Speed: 6.9ms preprocess, 232.7ms inference, 4.4ms postprocess per image at shape (1, 3, 640, 640)
[Inference] Got 0 detections.

0: 640x640 (no detections), 225.5ms
Speed: 5.7ms preprocess, 225.5ms inference, 3.2ms postprocess per image at shape (1, 3, 640, 640)
[Inference] Got 0 detections.

0: 640x640 (no detections), 241.7ms
Speed: 5.6ms preprocess, 241.7ms inference, 4.8ms postprocess per image at shape (1, 3, 640, 640)
[Inference] Got 0 detections.

0: 640x640 (no detections), 224.9ms
Speed: 7.3ms preprocess, 224.9ms inference, 3.6ms postprocess per image at shape (1, 3, 640, 640)
[Inference] Got 0 detections.

0: 640x640 (no detections), 227.8ms
Speed: 5.6ms preprocess, 227.8ms inference, 5.0ms postprocess per image at shape (1, 3, 640, 640)
[Inference] Got 0 detections.

0: 640x640 (no detections), 218.3ms
Speed: 5.9ms preprocess, 218.3ms inference, 3.1ms postprocess per image at shape (1, 3, 640, 640)
[Inference] Got 0 detections.

0: 640x640 (no detections), 228.6ms
Speed: 6.1ms preprocess, 228.6ms inference, 2.6ms postprocess per image at shape (1, 3, 640, 640)
[Inference] Got 0 detections.

0: 640x640 (no detections), 225.0ms
Speed: 6.4ms preprocess, 225.0ms inference, 3.5ms postprocess per image at shape (1, 3, 640, 640)
[Inference] Got 0 detections.

0: 640x640 (no detections), 217.1ms
Speed: 5.4ms preprocess, 217.1ms inference, 3.1ms postprocess per image at shape (1, 3, 640, 640)
[Inference] Got 0 detections.

0: 640x640 (no detections), 220.0ms
Speed: 5.5ms preprocess, 220.0ms inference, 2.7ms postprocess per image at shape (1, 3, 640, 640)
[Inference] Got 0 detections.

0: 640x640 (no detections), 226.8ms
Speed: 6.4ms preprocess, 226.8ms inference, 4.5ms postprocess per image at shape (1, 3, 640, 640)
[Inference] Got 0 detections.

0: 640x640 (no detections), 216.2ms
Speed: 6.3ms preprocess, 216.2ms inference, 3.2ms postprocess per image at shape (1, 3, 640, 640)
[Inference] Got 0 detections.

0: 640x640 (no detections), 219.2ms
Speed: 5.6ms preprocess, 219.2ms inference, 2.8ms postprocess per image at shape (1, 3, 640, 640)
[Inference] Got 0 detections.

0: 640x640 (no detections), 221.1ms
Speed: 6.4ms preprocess, 221.1ms inference, 4.1ms postprocess per image at shape (1, 3, 640, 640)
[Inference] Got 0 detections.

0: 640x640 (no detections), 218.5ms
Speed: 5.5ms preprocess, 218.5ms inference, 3.3ms postprocess per image at shape (1, 3, 640, 640)
[Inference] Got 0 detections.

0: 640x640 (no detections), 216.9ms
Speed: 5.4ms preprocess, 216.9ms inference, 3.1ms postprocess per image at shape (1, 3, 640, 640)
[Inference] Got 0 detections.

0: 640x640 (no detections), 222.4ms
Speed: 7.0ms preprocess, 222.4ms inference, 5.0ms postprocess per image at shape (1, 3, 640, 640)
[Inference] Got 0 detections.

0: 640x640 (no detections), 214.8ms
Speed: 5.5ms preprocess, 214.8ms inference, 2.9ms postprocess per image at shape (1, 3, 640, 640)
[Inference] Got 0 detections.

0: 640x640 (no detections), 219.2ms
Speed: 5.4ms preprocess, 219.2ms inference, 3.0ms postprocess per image at shape (1, 3, 640, 640)
[Inference] Got 0 detections.

0: 640x640 (no detections), 224.5ms
Speed: 6.0ms preprocess, 224.5ms inference, 3.0ms postprocess per image at shape (1, 3, 640, 640)
[Inference] Got 0 detections.

0: 640x640 (no detections), 216.0ms
Speed: 5.9ms preprocess, 216.0ms inference, 3.0ms postprocess per image at shape (1, 3, 640, 640)
[Inference] Got 0 detections.

0: 640x640 (no detections), 215.7ms
Speed: 5.3ms preprocess, 215.7ms inference, 2.6ms postprocess per image at shape (1, 3, 640, 640)
[Inference] Got 0 detections.

0: 640x640 (no detections), 219.7ms
Speed: 5.8ms preprocess, 219.7ms inference, 3.6ms postprocess per image at shape (1, 3, 640, 640)
[Inference] Got 0 detections.

0: 640x640 (no detections), 251.1ms
Speed: 5.7ms preprocess, 251.1ms inference, 3.3ms postprocess per image at shape (1, 3, 640, 640)
[Inference] Got 0 detections.

0: 640x640 (no detections), 284.5ms
Speed: 6.3ms preprocess, 284.5ms inference, 3.0ms postprocess per image at shape (1, 3, 640, 640)
[Inference] Got 0 detections.

0: 640x640 (no detections), 358.6ms
Speed: 12.5ms preprocess, 358.6ms inference, 3.0ms postprocess per image at shape (1, 3, 640, 640)
[Inference] Got 0 detections.

0: 640x640 (no detections), 326.9ms
Speed: 8.9ms preprocess, 326.9ms inference, 10.9ms postprocess per image at shape (1, 3, 640, 640)
[Inference] Got 0 detections.

0: 640x640 (no detections), 322.1ms
Speed: 10.9ms preprocess, 322.1ms inference, 6.3ms postprocess per image at shape (1, 3, 640, 640)
[Inference] Got 0 detections.

0: 640x640 (no detections), 284.1ms
Speed: 8.6ms preprocess, 284.1ms inference, 4.6ms postprocess per image at shape (1, 3, 640, 640)
[Inference] Got 0 detections.

0: 640x640 (no detections), 278.9ms
Speed: 6.3ms preprocess, 278.9ms inference, 4.6ms postprocess per image at shape (1, 3, 640, 640)
[Inference] Got 0 detections.

0: 640x640 (no detections), 283.2ms
Speed: 6.0ms preprocess, 283.2ms inference, 10.3ms postprocess per image at shape (1, 3, 640, 640)
[Inference] Got 0 detections.

0: 640x640 (no detections), 301.9ms
Speed: 7.6ms preprocess, 301.9ms inference, 5.7ms postprocess per image at shape (1, 3, 640, 640)
[Inference] Got 0 detections.

0: 640x640 (no detections), 337.6ms
Speed: 11.8ms preprocess, 337.6ms inference, 4.3ms postprocess per image at shape (1, 3, 640, 640)
[Inference] Got 0 detections.

0: 640x640 (no detections), 287.0ms
Speed: 6.2ms preprocess, 287.0ms inference, 3.6ms postprocess per image at shape (1, 3, 640, 640)
[Inference] Got 0 detections.

0: 640x640 (no detections), 274.0ms
Speed: 5.5ms preprocess, 274.0ms inference, 4.9ms postprocess per image at shape (1, 3, 640, 640)
[Inference] Got 0 detections.

0: 640x640 (no detections), 268.4ms
Speed: 7.1ms preprocess, 268.4ms inference, 6.1ms postprocess per image at shape (1, 3, 640, 640)
[Inference] Got 0 detections.

0: 640x640 (no detections), 265.0ms
Speed: 6.8ms preprocess, 265.0ms inference, 4.2ms postprocess per image at shape (1, 3, 640, 640)
[Inference] Got 0 detections.

0: 640x640 (no detections), 221.3ms
Speed: 5.7ms preprocess, 221.3ms inference, 3.1ms postprocess per image at shape (1, 3, 640, 640)
[Inference] Got 0 detections.

0: 640x640 (no detections), 224.5ms
Speed: 5.7ms preprocess, 224.5ms inference, 3.0ms postprocess per image at shape (1, 3, 640, 640)
[Inference] Got 0 detections.

0: 640x640 (no detections), 229.9ms
Speed: 6.5ms preprocess, 229.9ms inference, 4.4ms postprocess per image at shape (1, 3, 640, 640)
[Inference] Got 0 detections.

0: 640x640 (no detections), 228.0ms
Speed: 6.1ms preprocess, 228.0ms inference, 3.6ms postprocess per image at shape (1, 3, 640, 640)
[Inference] Got 0 detections.

0: 640x640 (no detections), 221.7ms
Speed: 5.6ms preprocess, 221.7ms inference, 3.4ms postprocess per image at shape (1, 3, 640, 640)
[Inference] Got 0 detections.

0: 640x640 (no detections), 223.6ms
Speed: 6.6ms preprocess, 223.6ms inference, 2.9ms postprocess per image at shape (1, 3, 640, 640)
[Inference] Got 0 detections.

0: 640x640 (no detections), 217.3ms
Speed: 5.3ms preprocess, 217.3ms inference, 2.5ms postprocess per image at shape (1, 3, 640, 640)
[Inference] Got 0 detections.

0: 640x640 (no detections), 228.0ms
Speed: 5.5ms preprocess, 228.0ms inference, 3.7ms postprocess per image at shape (1, 3, 640, 640)
[Inference] Got 0 detections.

0: 640x640 (no detections), 227.7ms
Speed: 5.5ms preprocess, 227.7ms inference, 3.0ms postprocess per image at shape (1, 3, 640, 640)
[Inference] Got 0 detections.

0: 640x640 (no detections), 216.9ms
Speed: 5.3ms preprocess, 216.9ms inference, 2.9ms postprocess per image at shape (1, 3, 640, 640)
[Inference] Got 0 detections.

0: 640x640 (no detections), 220.5ms
Speed: 6.4ms preprocess, 220.5ms inference, 4.1ms postprocess per image at shape (1, 3, 640, 640)
[Inference] Got 0 detections.

0: 640x640 (no detections), 217.9ms
Speed: 5.6ms preprocess, 217.9ms inference, 3.1ms postprocess per image at shape (1, 3, 640, 640)
[Inference] Got 0 detections.

0: 640x640 (no detections), 217.4ms
Speed: 5.5ms preprocess, 217.4ms inference, 3.0ms postprocess per image at shape (1, 3, 640, 640)
[Inference] Got 0 detections.

0: 640x640 (no detections), 219.8ms
Speed: 5.7ms preprocess, 219.8ms inference, 3.6ms postprocess per image at shape (1, 3, 640, 640)
[Inference] Got 0 detections.

0: 640x640 (no detections), 214.0ms
Speed: 5.7ms preprocess, 214.0ms inference, 3.2ms postprocess per image at shape (1, 3, 640, 640)
[Inference] Got 0 detections.

0: 640x640 (no detections), 216.3ms
Speed: 5.4ms preprocess, 216.3ms inference, 2.9ms postprocess per image at shape (1, 3, 640, 640)
[Inference] Got 0 detections.

0: 640x640 (no detections), 221.8ms
Speed: 6.3ms preprocess, 221.8ms inference, 3.8ms postprocess per image at shape (1, 3, 640, 640)
[Inference] Got 0 detections.

0: 640x640 (no detections), 214.3ms
Speed: 7.7ms preprocess, 214.3ms inference, 5.3ms postprocess per image at shape (1, 3, 640, 640)
[Inference] Got 0 detections.

0: 640x640 (no detections), 214.5ms
Speed: 5.4ms preprocess, 214.5ms inference, 2.9ms postprocess per image at shape (1, 3, 640, 640)
[Inference] Got 0 detections.

0: 640x640 (no detections), 219.6ms
Speed: 5.5ms preprocess, 219.6ms inference, 2.9ms postprocess per image at shape (1, 3, 640, 640)
[Inference] Got 0 detections.

0: 640x640 (no detections), 225.2ms
Speed: 6.5ms preprocess, 225.2ms inference, 2.9ms postprocess per image at shape (1, 3, 640, 640)
[Inference] Got 0 detections.

0: 640x640 (no detections), 218.4ms
Speed: 5.3ms preprocess, 218.4ms inference, 2.7ms postprocess per image at shape (1, 3, 640, 640)
[Inference] Got 0 detections.

0: 640x640 (no detections), 220.7ms
Speed: 5.7ms preprocess, 220.7ms inference, 3.5ms postprocess per image at shape (1, 3, 640, 640)
[Inference] Got 0 detections.

0: 640x640 (no detections), 216.3ms
Speed: 7.0ms preprocess, 216.3ms inference, 3.4ms postprocess per image at shape (1, 3, 640, 640)
[Inference] Got 0 detections.

0: 640x640 (no detections), 222.9ms
Speed: 5.3ms preprocess, 222.9ms inference, 2.9ms postprocess per image at shape (1, 3, 640, 640)
[Inference] Got 0 detections.

0: 640x640 (no detections), 236.6ms
Speed: 5.6ms preprocess, 236.6ms inference, 3.1ms postprocess per image at shape (1, 3, 640, 640)
[Inference] Got 0 detections.

0: 640x640 (no detections), 219.6ms
Speed: 5.5ms preprocess, 219.6ms inference, 3.5ms postprocess per image at shape (1, 3, 640, 640)
[Inference] Got 0 detections.

0: 640x640 (no detections), 222.1ms
Speed: 5.5ms preprocess, 222.1ms inference, 3.7ms postprocess per image at shape (1, 3, 640, 640)
[Inference] Got 0 detections.

0: 640x640 (no detections), 232.2ms
Speed: 6.1ms preprocess, 232.2ms inference, 4.1ms postprocess per image at shape (1, 3, 640, 640)
[Inference] Got 0 detections.

0: 640x640 (no detections), 236.5ms
Speed: 5.4ms preprocess, 236.5ms inference, 2.9ms postprocess per image at shape (1, 3, 640, 640)
[Inference] Got 0 detections.

0: 640x640 (no detections), 267.4ms
Speed: 5.5ms preprocess, 267.4ms inference, 4.5ms postprocess per image at shape (1, 3, 640, 640)
[Inference] Got 0 detections.

0: 640x640 (no detections), 247.5ms
Speed: 8.2ms preprocess, 247.5ms inference, 3.5ms postprocess per image at shape (1, 3, 640, 640)
[Inference] Got 0 detections.

0: 640x640 (no detections), 227.9ms
Speed: 6.3ms preprocess, 227.9ms inference, 2.9ms postprocess per image at shape (1, 3, 640, 640)
[Inference] Got 0 detections.

0: 640x640 (no detections), 230.0ms
Speed: 5.5ms preprocess, 230.0ms inference, 4.1ms postprocess per image at shape (1, 3, 640, 640)
[Inference] Got 0 detections.

0: 640x640 (no detections), 221.4ms
Speed: 6.1ms preprocess, 221.4ms inference, 2.9ms postprocess per image at shape (1, 3, 640, 640)
[Inference] Got 0 detections.

0: 640x640 (no detections), 225.6ms
Speed: 5.8ms preprocess, 225.6ms inference, 3.1ms postprocess per image at shape (1, 3, 640, 640)
[Inference] Got 0 detections.

0: 640x640 (no detections), 233.6ms
Speed: 6.5ms preprocess, 233.6ms inference, 4.8ms postprocess per image at shape (1, 3, 640, 640)
[Inference] Got 0 detections.

0: 640x640 (no detections), 220.8ms
Speed: 5.8ms preprocess, 220.8ms inference, 2.7ms postprocess per image at shape (1, 3, 640, 640)
[Inference] Got 0 detections.

0: 640x640 (no detections), 225.1ms
Speed: 5.7ms preprocess, 225.1ms inference, 6.0ms postprocess per image at shape (1, 3, 640, 640)
[Inference] Got 0 detections.

0: 640x640 (no detections), 288.0ms
Speed: 9.8ms preprocess, 288.0ms inference, 4.3ms postprocess per image at shape (1, 3, 640, 640)
[Inference] Got 0 detections.

0: 640x640 1 class1, 221.4ms
Speed: 5.7ms preprocess, 221.4ms inference, 10.4ms postprocess per image at shape (1, 3, 640, 640)
[Inference] Got 1 detections.

0: 640x640 (no detections), 220.0ms
Speed: 5.8ms preprocess, 220.0ms inference, 3.4ms postprocess per image at shape (1, 3, 640, 640)
[Inference] Got 0 detections.

0: 640x640 (no detections), 222.7ms
Speed: 6.8ms preprocess, 222.7ms inference, 4.3ms postprocess per image at shape (1, 3, 640, 640)
[Inference] Got 0 detections.

0: 640x640 (no detections), 218.6ms
Speed: 5.5ms preprocess, 218.6ms inference, 3.2ms postprocess per image at shape (1, 3, 640, 640)
[Inference] Got 0 detections.

0: 640x640 (no detections), 219.0ms
Speed: 6.0ms preprocess, 219.0ms inference, 4.0ms postprocess per image at shape (1, 3, 640, 640)
[Inference] Got 0 detections.

0: 640x640 (no detections), 225.7ms
Speed: 6.5ms preprocess, 225.7ms inference, 4.2ms postprocess per image at shape (1, 3, 640, 640)
[Inference] Got 0 detections.

0: 640x640 (no detections), 216.0ms
Speed: 5.4ms preprocess, 216.0ms inference, 2.9ms postprocess per image at shape (1, 3, 640, 640)
[Inference] Got 0 detections.

0: 640x640 (no detections), 218.9ms
Speed: 5.7ms preprocess, 218.9ms inference, 3.3ms postprocess per image at shape (1, 3, 640, 640)
[Inference] Got 0 detections.

0: 640x640 (no detections), 218.8ms
Speed: 6.3ms preprocess, 218.8ms inference, 3.7ms postprocess per image at shape (1, 3, 640, 640)
[Inference] Got 0 detections.

0: 640x640 (no detections), 222.3ms
Speed: 5.3ms preprocess, 222.3ms inference, 3.2ms postprocess per image at shape (1, 3, 640, 640)
[Inference] Got 0 detections.

0: 640x640 (no detections), 219.5ms
Speed: 5.7ms preprocess, 219.5ms inference, 3.4ms postprocess per image at shape (1, 3, 640, 640)
[Inference] Got 0 detections.

0: 640x640 (no detections), 222.6ms
Speed: 6.3ms preprocess, 222.6ms inference, 4.6ms postprocess per image at shape (1, 3, 640, 640)
[Inference] Got 0 detections.

0: 640x640 (no detections), 219.7ms
Speed: 5.7ms preprocess, 219.7ms inference, 2.6ms postprocess per image at shape (1, 3, 640, 640)
[Inference] Got 0 detections.

0: 640x640 (no detections), 233.3ms
Speed: 5.7ms preprocess, 233.3ms inference, 4.0ms postprocess per image at shape (1, 3, 640, 640)
[Inference] Got 0 detections.

0: 640x640 (no detections), 222.4ms
Speed: 5.5ms preprocess, 222.4ms inference, 3.5ms postprocess per image at shape (1, 3, 640, 640)
[Inference] Got 0 detections.

0: 640x640 (no detections), 225.8ms
Speed: 5.5ms preprocess, 225.8ms inference, 3.0ms postprocess per image at shape (1, 3, 640, 640)
[Inference] Got 0 detections.

0: 640x640 (no detections), 234.2ms
Speed: 6.7ms preprocess, 234.2ms inference, 4.9ms postprocess per image at shape (1, 3, 640, 640)
[Inference] Got 0 detections.

0: 640x640 (no detections), 231.7ms
Speed: 5.5ms preprocess, 231.7ms inference, 2.9ms postprocess per image at shape (1, 3, 640, 640)
[Inference] Got 0 detections.

0: 640x640 (no detections), 265.7ms
Speed: 5.5ms preprocess, 265.7ms inference, 4.3ms postprocess per image at shape (1, 3, 640, 640)
[Inference] Got 0 detections.

0: 640x640 (no detections), 265.2ms
Speed: 7.8ms preprocess, 265.2ms inference, 4.2ms postprocess per image at shape (1, 3, 640, 640)
[Inference] Got 0 detections.

0: 640x640 (no detections), 231.0ms
Speed: 6.0ms preprocess, 231.0ms inference, 2.9ms postprocess per image at shape (1, 3, 640, 640)
[Inference] Got 0 detections.

0: 640x640 (no detections), 241.3ms
Speed: 6.3ms preprocess, 241.3ms inference, 4.4ms postprocess per image at shape (1, 3, 640, 640)
[Inference] Got 0 detections.

0: 640x640 (no detections), 226.9ms
Speed: 5.9ms preprocess, 226.9ms inference, 2.9ms postprocess per image at shape (1, 3, 640, 640)
[Inference] Got 0 detections.

0: 640x640 (no detections), 232.0ms
Speed: 5.8ms preprocess, 232.0ms inference, 4.4ms postprocess per image at shape (1, 3, 640, 640)
[Inference] Got 0 detections.

0: 640x640 (no detections), 222.4ms
Speed: 5.8ms preprocess, 222.4ms inference, 2.9ms postprocess per image at shape (1, 3, 640, 640)
[Inference] Got 0 detections.

0: 640x640 (no detections), 229.3ms
Speed: 5.7ms preprocess, 229.3ms inference, 3.6ms postprocess per image at shape (1, 3, 640, 640)
[Inference] Got 0 detections.

0: 640x640 (no detections), 216.4ms
Speed: 6.8ms preprocess, 216.4ms inference, 4.1ms postprocess per image at shape (1, 3, 640, 640)
[Inference] Got 0 detections.

0: 640x640 (no detections), 220.9ms
Speed: 5.3ms preprocess, 220.9ms inference, 3.8ms postprocess per image at shape (1, 3, 640, 640)
[Inference] Got 0 detections.

0: 640x640 (no detections), 222.8ms
Speed: 5.6ms preprocess, 222.8ms inference, 3.7ms postprocess per image at shape (1, 3, 640, 640)
[Inference] Got 0 detections.

0: 640x640 (no detections), 294.1ms
Speed: 6.8ms preprocess, 294.1ms inference, 4.0ms postprocess per image at shape (1, 3, 640, 640)
[Inference] Got 0 detections.

0: 640x640 (no detections), 256.0ms
Speed: 11.8ms preprocess, 256.0ms inference, 3.8ms postprocess per image at shape (1, 3, 640, 640)
[Inference] Got 0 detections.

0: 640x640 (no detections), 222.9ms
Speed: 7.3ms preprocess, 222.9ms inference, 4.2ms postprocess per image at shape (1, 3, 640, 640)
[Inference] Got 0 detections.

0: 640x640 (no detections), 215.9ms
Speed: 5.5ms preprocess, 215.9ms inference, 2.9ms postprocess per image at shape (1, 3, 640, 640)
[Inference] Got 0 detections.

0: 640x640 (no detections), 226.0ms
Speed: 6.2ms preprocess, 226.0ms inference, 4.6ms postprocess per image at shape (1, 3, 640, 640)
[Inference] Got 0 detections.

0: 640x640 (no detections), 222.4ms
Speed: 6.0ms preprocess, 222.4ms inference, 4.4ms postprocess per image at shape (1, 3, 640, 640)
[Inference] Got 0 detections.

0: 640x640 (no detections), 218.4ms
Speed: 5.6ms preprocess, 218.4ms inference, 3.6ms postprocess per image at shape (1, 3, 640, 640)
[Inference] Got 0 detections.

0: 640x640 (no detections), 220.5ms
Speed: 5.6ms preprocess, 220.5ms inference, 3.1ms postprocess per image at shape (1, 3, 640, 640)
[Inference] Got 0 detections.

0: 640x640 1 class1, 215.3ms
Speed: 6.8ms preprocess, 215.3ms inference, 10.0ms postprocess per image at shape (1, 3, 640, 640)
[Inference] Got 1 detections.

0: 640x640 (no detections), 224.6ms
Speed: 5.3ms preprocess, 224.6ms inference, 3.1ms postprocess per image at shape (1, 3, 640, 640)
[Inference] Got 0 detections.

0: 640x640 (no detections), 225.3ms
Speed: 5.6ms preprocess, 225.3ms inference, 5.8ms postprocess per image at shape (1, 3, 640, 640)
[Inference] Got 0 detections.

0: 640x640 (no detections), 218.3ms
Speed: 5.4ms preprocess, 218.3ms inference, 3.4ms postprocess per image at shape (1, 3, 640, 640)
[Inference] Got 0 detections.

0: 640x640 (no detections), 221.4ms
Speed: 5.5ms preprocess, 221.4ms inference, 2.9ms postprocess per image at shape (1, 3, 640, 640)
[Inference] Got 0 detections.

0: 640x640 (no detections), 229.1ms
Speed: 6.1ms preprocess, 229.1ms inference, 4.0ms postprocess per image at shape (1, 3, 640, 640)
[Inference] Got 0 detections.

0: 640x640 (no detections), 217.4ms
Speed: 5.7ms preprocess, 217.4ms inference, 3.0ms postprocess per image at shape (1, 3, 640, 640)
[Inference] Got 0 detections.

0: 640x640 (no detections), 221.9ms
Speed: 5.3ms preprocess, 221.9ms inference, 2.7ms postprocess per image at shape (1, 3, 640, 640)
[Inference] Got 0 detections.

0: 640x640 (no detections), 223.0ms
Speed: 6.6ms preprocess, 223.0ms inference, 4.7ms postprocess per image at shape (1, 3, 640, 640)
[Inference] Got 0 detections.

0: 640x640 (no detections), 231.3ms
Speed: 5.4ms preprocess, 231.3ms inference, 2.7ms postprocess per image at shape (1, 3, 640, 640)
[Inference] Got 0 detections.

0: 640x640 (no detections), 234.2ms
Speed: 6.3ms preprocess, 234.2ms inference, 3.7ms postprocess per image at shape (1, 3, 640, 640)
[Inference] Got 0 detections.

0: 640x640 (no detections), 227.7ms
Speed: 6.7ms preprocess, 227.7ms inference, 2.7ms postprocess per image at shape (1, 3, 640, 640)
[Inference] Got 0 detections.

0: 640x640 (no detections), 229.8ms
Speed: 5.9ms preprocess, 229.8ms inference, 3.8ms postprocess per image at shape (1, 3, 640, 640)
[Inference] Got 0 detections.

0: 640x640 (no detections), 239.8ms
Speed: 6.4ms preprocess, 239.8ms inference, 2.9ms postprocess per image at shape (1, 3, 640, 640)
[Inference] Got 0 detections.

0: 640x640 (no detections), 244.2ms
Speed: 6.3ms preprocess, 244.2ms inference, 3.5ms postprocess per image at shape (1, 3, 640, 640)
[Inference] Got 0 detections.

0: 640x640 (no detections), 228.7ms
Speed: 5.7ms preprocess, 228.7ms inference, 2.9ms postprocess per image at shape (1, 3, 640, 640)
[Inference] Got 0 detections.

0: 640x640 1 class1, 235.6ms
Speed: 6.2ms preprocess, 235.6ms inference, 34.3ms postprocess per image at shape (1, 3, 640, 640)
[Inference] Got 1 detections.

0: 640x640 1 class1, 236.5ms
Speed: 5.7ms preprocess, 236.5ms inference, 8.1ms postprocess per image at shape (1, 3, 640, 640)
[Inference] Got 1 detections.

0: 640x640 (no detections), 242.2ms
Speed: 7.3ms preprocess, 242.2ms inference, 3.1ms postprocess per image at shape (1, 3, 640, 640)
[Inference] Got 0 detections.

0: 640x640 1 class1, 234.7ms
Speed: 5.5ms preprocess, 234.7ms inference, 11.0ms postprocess per image at shape (1, 3, 640, 640)
[Inference] Got 1 detections.

0: 640x640 1 class1, 227.1ms
Speed: 5.6ms preprocess, 227.1ms inference, 5.7ms postprocess per image at shape (1, 3, 640, 640)
[Inference] Got 1 detections.

0: 640x640 (no detections), 233.4ms
Speed: 6.3ms preprocess, 233.4ms inference, 3.7ms postprocess per image at shape (1, 3, 640, 640)
[Inference] Got 0 detections.

0: 640x640 (no detections), 220.1ms
Speed: 6.5ms preprocess, 220.1ms inference, 3.3ms postprocess per image at shape (1, 3, 640, 640)
[Inference] Got 0 detections.

0: 640x640 (no detections), 219.6ms
Speed: 5.8ms preprocess, 219.6ms inference, 3.1ms postprocess per image at shape (1, 3, 640, 640)
[Inference] Got 0 detections.

0: 640x640 1 class1, 224.1ms
Speed: 5.6ms preprocess, 224.1ms inference, 9.2ms postprocess per image at shape (1, 3, 640, 640)
[Inference] Got 1 detections.

0: 640x640 (no detections), 221.6ms
Speed: 5.8ms preprocess, 221.6ms inference, 2.9ms postprocess per image at shape (1, 3, 640, 640)
[Inference] Got 0 detections.

0: 640x640 (no detections), 223.4ms
Speed: 5.3ms preprocess, 223.4ms inference, 2.6ms postprocess per image at shape (1, 3, 640, 640)
[Inference] Got 0 detections.

0: 640x640 (no detections), 224.1ms
Speed: 6.4ms preprocess, 224.1ms inference, 4.9ms postprocess per image at shape (1, 3, 640, 640)
[Inference] Got 0 detections.

0: 640x640 (no detections), 217.6ms
Speed: 5.4ms preprocess, 217.6ms inference, 2.6ms postprocess per image at shape (1, 3, 640, 640)
[Inference] Got 0 detections.

0: 640x640 (no detections), 218.9ms
Speed: 6.1ms preprocess, 218.9ms inference, 2.7ms postprocess per image at shape (1, 3, 640, 640)
[Inference] Got 0 detections.

0: 640x640 (no detections), 225.1ms
Speed: 6.9ms preprocess, 225.1ms inference, 4.8ms postprocess per image at shape (1, 3, 640, 640)
[Inference] Got 0 detections.

0: 640x640 (no detections), 215.5ms
Speed: 5.4ms preprocess, 215.5ms inference, 3.1ms postprocess per image at shape (1, 3, 640, 640)
[Inference] Got 0 detections.

0: 640x640 (no detections), 217.9ms
Speed: 6.8ms preprocess, 217.9ms inference, 3.7ms postprocess per image at shape (1, 3, 640, 640)
[Inference] Got 0 detections.

0: 640x640 1 class1, 220.6ms
Speed: 6.7ms preprocess, 220.6ms inference, 11.3ms postprocess per image at shape (1, 3, 640, 640)
[Inference] Got 1 detections.

0: 640x640 (no detections), 218.3ms
Speed: 5.3ms preprocess, 218.3ms inference, 2.9ms postprocess per image at shape (1, 3, 640, 640)
[Inference] Got 0 detections.

0: 640x640 (no detections), 219.8ms
Speed: 5.8ms preprocess, 219.8ms inference, 3.5ms postprocess per image at shape (1, 3, 640, 640)
[Inference] Got 0 detections.

0: 640x640 (no detections), 218.5ms
Speed: 6.7ms preprocess, 218.5ms inference, 4.4ms postprocess per image at shape (1, 3, 640, 640)
[Inference] Got 0 detections.

0: 640x640 (no detections), 220.0ms
Speed: 5.7ms preprocess, 220.0ms inference, 3.6ms postprocess per image at shape (1, 3, 640, 640)
[Inference] Got 0 detections.

0: 640x640 (no detections), 232.1ms
Speed: 5.6ms preprocess, 232.1ms inference, 3.6ms postprocess per image at shape (1, 3, 640, 640)
[Inference] Got 0 detections.

0: 640x640 (no detections), 233.8ms
Speed: 5.5ms preprocess, 233.8ms inference, 2.6ms postprocess per image at shape (1, 3, 640, 640)
[Inference] Got 0 detections.

0: 640x640 (no detections), 223.4ms
Speed: 5.9ms preprocess, 223.4ms inference, 2.7ms postprocess per image at shape (1, 3, 640, 640)
[Inference] Got 0 detections.

0: 640x640 (no detections), 223.1ms
Speed: 6.0ms preprocess, 223.1ms inference, 3.3ms postprocess per image at shape (1, 3, 640, 640)
[Inference] Got 0 detections.

0: 640x640 (no detections), 227.9ms
Speed: 5.3ms preprocess, 227.9ms inference, 2.9ms postprocess per image at shape (1, 3, 640, 640)
[Inference] Got 0 detections.

0: 640x640 (no detections), 227.2ms
Speed: 5.5ms preprocess, 227.2ms inference, 3.6ms postprocess per image at shape (1, 3, 640, 640)
[Inference] Got 0 detections.

0: 640x640 1 class1, 223.0ms
Speed: 5.4ms preprocess, 223.0ms inference, 8.2ms postprocess per image at shape (1, 3, 640, 640)
[Inference] Got 1 detections.

0: 640x640 (no detections), 226.2ms
Speed: 5.2ms preprocess, 226.2ms inference, 2.9ms postprocess per image at shape (1, 3, 640, 640)
[Inference] Got 0 detections.

0: 640x640 (no detections), 232.2ms
Speed: 6.0ms preprocess, 232.2ms inference, 4.3ms postprocess per image at shape (1, 3, 640, 640)
[Inference] Got 0 detections.

0: 640x640 (no detections), 227.1ms
Speed: 6.0ms preprocess, 227.1ms inference, 3.2ms postprocess per image at shape (1, 3, 640, 640)
[Inference] Got 0 detections.

0: 640x640 (no detections), 233.5ms
Speed: 6.5ms preprocess, 233.5ms inference, 4.5ms postprocess per image at shape (1, 3, 640, 640)
[Inference] Got 0 detections.

0: 640x640 (no detections), 232.6ms
Speed: 5.8ms preprocess, 232.6ms inference, 2.5ms postprocess per image at shape (1, 3, 640, 640)
[Inference] Got 0 detections.

0: 640x640 (no detections), 239.3ms
Speed: 5.7ms preprocess, 239.3ms inference, 4.3ms postprocess per image at shape (1, 3, 640, 640)
[Inference] Got 0 detections.

0: 640x640 (no detections), 241.4ms
Speed: 5.5ms preprocess, 241.4ms inference, 2.7ms postprocess per image at shape (1, 3, 640, 640)
[Inference] Got 0 detections.

0: 640x640 (no detections), 238.5ms
Speed: 6.2ms preprocess, 238.5ms inference, 4.2ms postprocess per image at shape (1, 3, 640, 640)
[Inference] Got 0 detections.

0: 640x640 (no detections), 229.9ms
Speed: 5.9ms preprocess, 229.9ms inference, 3.2ms postprocess per image at shape (1, 3, 640, 640)
[Inference] Got 0 detections.

0: 640x640 (no detections), 237.5ms
Speed: 5.8ms preprocess, 237.5ms inference, 4.9ms postprocess per image at shape (1, 3, 640, 640)
[Inference] Got 0 detections.

0: 640x640 (no detections), 234.8ms
Speed: 5.6ms preprocess, 234.8ms inference, 3.1ms postprocess per image at shape (1, 3, 640, 640)
[Inference] Got 0 detections.

0: 640x640 (no detections), 235.3ms
Speed: 5.7ms preprocess, 235.3ms inference, 3.4ms postprocess per image at shape (1, 3, 640, 640)
[Inference] Got 0 detections.

0: 640x640 (no detections), 225.0ms
Speed: 5.6ms preprocess, 225.0ms inference, 3.8ms postprocess per image at shape (1, 3, 640, 640)
[Inference] Got 0 detections.

0: 640x640 (no detections), 233.7ms
Speed: 5.7ms preprocess, 233.7ms inference, 3.6ms postprocess per image at shape (1, 3, 640, 640)
[Inference] Got 0 detections.

0: 640x640 (no detections), 231.7ms
Speed: 5.6ms preprocess, 231.7ms inference, 2.9ms postprocess per image at shape (1, 3, 640, 640)
[Inference] Got 0 detections.

0: 640x640 (no detections), 228.8ms
Speed: 6.2ms preprocess, 228.8ms inference, 2.9ms postprocess per image at shape (1, 3, 640, 640)
[Inference] Got 0 detections.

0: 640x640 (no detections), 234.3ms
Speed: 7.2ms preprocess, 234.3ms inference, 2.8ms postprocess per image at shape (1, 3, 640, 640)
[Inference] Got 0 detections.

0: 640x640 (no detections), 226.0ms
Speed: 5.5ms preprocess, 226.0ms inference, 2.6ms postprocess per image at shape (1, 3, 640, 640)
[Inference] Got 0 detections.

0: 640x640 (no detections), 231.8ms
Speed: 6.1ms preprocess, 231.8ms inference, 3.7ms postprocess per image at shape (1, 3, 640, 640)
[Inference] Got 0 detections.

0: 640x640 (no detections), 219.2ms
Speed: 5.7ms preprocess, 219.2ms inference, 2.6ms postprocess per image at shape (1, 3, 640, 640)
[Inference] Got 0 detections.

0: 640x640 (no detections), 223.4ms
Speed: 5.6ms preprocess, 223.4ms inference, 3.9ms postprocess per image at shape (1, 3, 640, 640)
[Inference] Got 0 detections.

0: 640x640 (no detections), 231.2ms
Speed: 7.1ms preprocess, 231.2ms inference, 3.7ms postprocess per image at shape (1, 3, 640, 640)
[Inference] Got 0 detections.

0: 640x640 (no detections), 225.7ms
Speed: 5.4ms preprocess, 225.7ms inference, 2.8ms postprocess per image at shape (1, 3, 640, 640)
[Inference] Got 0 detections.

0: 640x640 (no detections), 224.2ms
Speed: 6.7ms preprocess, 224.2ms inference, 4.4ms postprocess per image at shape (1, 3, 640, 640)
[Inference] Got 0 detections.

0: 640x640 (no detections), 217.9ms
Speed: 5.3ms preprocess, 217.9ms inference, 3.0ms postprocess per image at shape (1, 3, 640, 640)
[Inference] Got 0 detections.

0: 640x640 (no detections), 220.7ms
Speed: 6.4ms preprocess, 220.7ms inference, 3.8ms postprocess per image at shape (1, 3, 640, 640)
[Inference] Got 0 detections.

0: 640x640 (no detections), 223.4ms
Speed: 6.6ms preprocess, 223.4ms inference, 4.2ms postprocess per image at shape (1, 3, 640, 640)
[Inference] Got 0 detections.

0: 640x640 (no detections), 219.0ms
Speed: 6.2ms preprocess, 219.0ms inference, 3.9ms postprocess per image at shape (1, 3, 640, 640)
[Inference] Got 0 detections.

0: 640x640 (no detections), 221.5ms
Speed: 5.9ms preprocess, 221.5ms inference, 4.4ms postprocess per image at shape (1, 3, 640, 640)
[Inference] Got 0 detections.

0: 640x640 (no detections), 217.3ms
Speed: 7.3ms preprocess, 217.3ms inference, 3.2ms postprocess per image at shape (1, 3, 640, 640)
[Inference] Got 0 detections.

0: 640x640 (no detections), 219.4ms
Speed: 5.8ms preprocess, 219.4ms inference, 4.1ms postprocess per image at shape (1, 3, 640, 640)
[Inference] Got 0 detections.

0: 640x640 (no detections), 231.6ms
Speed: 6.1ms preprocess, 231.6ms inference, 5.2ms postprocess per image at shape (1, 3, 640, 640)
[Inference] Got 0 detections.

0: 640x640 (no detections), 220.1ms
Speed: 5.6ms preprocess, 220.1ms inference, 2.6ms postprocess per image at shape (1, 3, 640, 640)
[Inference] Got 0 detections.

0: 640x640 (no detections), 223.3ms
Speed: 5.3ms preprocess, 223.3ms inference, 2.7ms postprocess per image at shape (1, 3, 640, 640)
[Inference] Got 0 detections.

0: 640x640 (no detections), 228.3ms
Speed: 6.3ms preprocess, 228.3ms inference, 4.5ms postprocess per image at shape (1, 3, 640, 640)
[Inference] Got 0 detections.

0: 640x640 (no detections), 231.2ms
Speed: 5.3ms preprocess, 231.2ms inference, 3.5ms postprocess per image at shape (1, 3, 640, 640)
[Inference] Got 0 detections.

0: 640x640 (no detections), 234.8ms
Speed: 6.1ms preprocess, 234.8ms inference, 4.1ms postprocess per image at shape (1, 3, 640, 640)
[Inference] Got 0 detections.

0: 640x640 (no detections), 223.8ms
Speed: 5.8ms preprocess, 223.8ms inference, 3.1ms postprocess per image at shape (1, 3, 640, 640)
[Inference] Got 0 detections.

0: 640x640 (no detections), 228.4ms
Speed: 5.5ms preprocess, 228.4ms inference, 3.8ms postprocess per image at shape (1, 3, 640, 640)
[Inference] Got 0 detections.

0: 640x640 1 class1, 246.8ms
Speed: 6.5ms preprocess, 246.8ms inference, 8.3ms postprocess per image at shape (1, 3, 640, 640)
[Inference] Got 1 detections.

0: 640x640 (no detections), 230.1ms
Speed: 5.5ms preprocess, 230.1ms inference, 3.5ms postprocess per image at shape (1, 3, 640, 640)
[Inference] Got 0 detections.

0: 640x640 1 class1, 225.3ms
Speed: 6.5ms preprocess, 225.3ms inference, 8.6ms postprocess per image at shape (1, 3, 640, 640)
[Inference] Got 1 detections.

0: 640x640 1 class1, 224.2ms
Speed: 5.6ms preprocess, 224.2ms inference, 9.0ms postprocess per image at shape (1, 3, 640, 640)
[Inference] Got 1 detections.

0: 640x640 1 class1, 224.1ms
Speed: 7.2ms preprocess, 224.1ms inference, 7.0ms postprocess per image at shape (1, 3, 640, 640)
[Inference] Got 1 detections.

0: 640x640 (no detections), 220.9ms
Speed: 5.3ms preprocess, 220.9ms inference, 3.2ms postprocess per image at shape (1, 3, 640, 640)
[Inference] Got 0 detections.

0: 640x640 (no detections), 228.8ms
Speed: 5.5ms preprocess, 228.8ms inference, 4.8ms postprocess per image at shape (1, 3, 640, 640)
[Inference] Got 0 detections.

0: 640x640 (no detections), 221.4ms
Speed: 5.7ms preprocess, 221.4ms inference, 3.2ms postprocess per image at shape (1, 3, 640, 640)
[Inference] Got 0 detections.

0: 640x640 (no detections), 229.7ms
Speed: 5.4ms preprocess, 229.7ms inference, 2.6ms postprocess per image at shape (1, 3, 640, 640)
[Inference] Got 0 detections.

0: 640x640 (no detections), 225.3ms
Speed: 6.7ms preprocess, 225.3ms inference, 4.3ms postprocess per image at shape (1, 3, 640, 640)
[Inference] Got 0 detections.

0: 640x640 (no detections), 217.3ms
Speed: 5.5ms preprocess, 217.3ms inference, 3.8ms postprocess per image at shape (1, 3, 640, 640)
[Inference] Got 0 detections.

0: 640x640 (no detections), 224.4ms
Speed: 5.8ms preprocess, 224.4ms inference, 4.4ms postprocess per image at shape (1, 3, 640, 640)
[Inference] Got 0 detections.

0: 640x640 (no detections), 226.6ms
Speed: 5.4ms preprocess, 226.6ms inference, 4.9ms postprocess per image at shape (1, 3, 640, 640)
[Inference] Got 0 detections.

0: 640x640 (no detections), 220.6ms
Speed: 5.6ms preprocess, 220.6ms inference, 2.6ms postprocess per image at shape (1, 3, 640, 640)
[Inference] Got 0 detections.

0: 640x640 (no detections), 224.8ms
Speed: 6.2ms preprocess, 224.8ms inference, 4.2ms postprocess per image at shape (1, 3, 640, 640)
[Inference] Got 0 detections.

0: 640x640 (no detections), 216.5ms
Speed: 5.3ms preprocess, 216.5ms inference, 2.9ms postprocess per image at shape (1, 3, 640, 640)
[Inference] Got 0 detections.

0: 640x640 (no detections), 219.4ms
Speed: 5.5ms preprocess, 219.4ms inference, 3.0ms postprocess per image at shape (1, 3, 640, 640)
[Inference] Got 0 detections.

0: 640x640 (no detections), 229.5ms
Speed: 6.7ms preprocess, 229.5ms inference, 4.3ms postprocess per image at shape (1, 3, 640, 640)
[Inference] Got 0 detections.

0: 640x640 (no detections), 220.0ms
Speed: 5.4ms preprocess, 220.0ms inference, 2.9ms postprocess per image at shape (1, 3, 640, 640)
[Inference] Got 0 detections.

0: 640x640 (no detections), 229.2ms
Speed: 5.8ms preprocess, 229.2ms inference, 2.9ms postprocess per image at shape (1, 3, 640, 640)
[Inference] Got 0 detections.

0: 640x640 (no detections), 233.6ms
Speed: 7.0ms preprocess, 233.6ms inference, 4.0ms postprocess per image at shape (1, 3, 640, 640)
[Inference] Got 0 detections.

0: 640x640 (no detections), 232.1ms
Speed: 5.8ms preprocess, 232.1ms inference, 3.4ms postprocess per image at shape (1, 3, 640, 640)
[Inference] Got 0 detections.

0: 640x640 (no detections), 223.5ms
Speed: 7.1ms preprocess, 223.5ms inference, 3.3ms postprocess per image at shape (1, 3, 640, 640)
[Inference] Got 0 detections.

0: 640x640 (no detections), 226.2ms
Speed: 5.4ms preprocess, 226.2ms inference, 3.0ms postprocess per image at shape (1, 3, 640, 640)
[Inference] Got 0 detections.

0: 640x640 (no detections), 233.3ms
Speed: 5.7ms preprocess, 233.3ms inference, 4.6ms postprocess per image at shape (1, 3, 640, 640)
[Inference] Got 0 detections.

0: 640x640 (no detections), 231.9ms
Speed: 5.4ms preprocess, 231.9ms inference, 3.1ms postprocess per image at shape (1, 3, 640, 640)
[Inference] Got 0 detections.

0: 640x640 (no detections), 233.8ms
Speed: 5.9ms preprocess, 233.8ms inference, 4.0ms postprocess per image at shape (1, 3, 640, 640)
[Inference] Got 0 detections.

0: 640x640 (no detections), 227.5ms
Speed: 6.3ms preprocess, 227.5ms inference, 3.4ms postprocess per image at shape (1, 3, 640, 640)
[Inference] Got 0 detections.

0: 640x640 (no detections), 234.1ms
Speed: 6.3ms preprocess, 234.1ms inference, 4.5ms postprocess per image at shape (1, 3, 640, 640)
[Inference] Got 0 detections.

0: 640x640 (no detections), 235.3ms
Speed: 5.5ms preprocess, 235.3ms inference, 3.0ms postprocess per image at shape (1, 3, 640, 640)
[Inference] Got 0 detections.

0: 640x640 (no detections), 237.0ms
Speed: 5.4ms preprocess, 237.0ms inference, 4.3ms postprocess per image at shape (1, 3, 640, 640)
[Inference] Got 0 detections.

0: 640x640 (no detections), 231.9ms
Speed: 5.6ms preprocess, 231.9ms inference, 3.0ms postprocess per image at shape (1, 3, 640, 640)
[Inference] Got 0 detections.

0: 640x640 (no detections), 235.8ms
Speed: 5.6ms preprocess, 235.8ms inference, 3.2ms postprocess per image at shape (1, 3, 640, 640)
[Inference] Got 0 detections.

0: 640x640 (no detections), 241.6ms
Speed: 6.9ms preprocess, 241.6ms inference, 3.9ms postprocess per image at shape (1, 3, 640, 640)
[Inference] Got 0 detections.

0: 640x640 (no detections), 237.1ms
Speed: 6.4ms preprocess, 237.1ms inference, 4.3ms postprocess per image at shape (1, 3, 640, 640)
[Inference] Got 0 detections.

0: 640x640 (no detections), 228.2ms
Speed: 5.5ms preprocess, 228.2ms inference, 2.6ms postprocess per image at shape (1, 3, 640, 640)
[Inference] Got 0 detections.

0: 640x640 1 class1, 232.8ms
Speed: 5.4ms preprocess, 232.8ms inference, 10.4ms postprocess per image at shape (1, 3, 640, 640)
[Inference] Got 1 detections.

0: 640x640 (no detections), 231.4ms
Speed: 5.4ms preprocess, 231.4ms inference, 2.8ms postprocess per image at shape (1, 3, 640, 640)
[Inference] Got 0 detections.

0: 640x640 (no detections), 230.2ms
Speed: 5.5ms preprocess, 230.2ms inference, 3.5ms postprocess per image at shape (1, 3, 640, 640)
[Inference] Got 0 detections.

0: 640x640 1 class1, 239.3ms
Speed: 7.6ms preprocess, 239.3ms inference, 7.0ms postprocess per image at shape (1, 3, 640, 640)
[Inference] Got 1 detections.

0: 640x640 1 class1, 233.5ms
Speed: 5.8ms preprocess, 233.5ms inference, 14.7ms postprocess per image at shape (1, 3, 640, 640)
[Inference] Got 1 detections.

0: 640x640 3 class1s, 229.9ms
Speed: 5.6ms preprocess, 229.9ms inference, 11.8ms postprocess per image at shape (1, 3, 640, 640)
[Inference] Got 3 detections.

0: 640x640 (no detections), 243.1ms
Speed: 5.6ms preprocess, 243.1ms inference, 3.1ms postprocess per image at shape (1, 3, 640, 640)
[Inference] Got 0 detections.

0: 640x640 (no detections), 268.2ms
Speed: 5.8ms preprocess, 268.2ms inference, 6.0ms postprocess per image at shape (1, 3, 640, 640)
[Inference] Got 0 detections.

0: 640x640 (no detections), 225.0ms
Speed: 6.0ms preprocess, 225.0ms inference, 3.1ms postprocess per image at shape (1, 3, 640, 640)
[Inference] Got 0 detections.

0: 640x640 (no detections), 248.6ms
Speed: 5.4ms preprocess, 248.6ms inference, 4.8ms postprocess per image at shape (1, 3, 640, 640)
[Inference] Got 0 detections.

0: 640x640 (no detections), 224.3ms
Speed: 6.0ms preprocess, 224.3ms inference, 3.1ms postprocess per image at shape (1, 3, 640, 640)
[Inference] Got 0 detections.

0: 640x640 (no detections), 225.9ms
Speed: 5.5ms preprocess, 225.9ms inference, 3.7ms postprocess per image at shape (1, 3, 640, 640)
[Inference] Got 0 detections.

0: 640x640 (no detections), 231.3ms
Speed: 6.4ms preprocess, 231.3ms inference, 4.6ms postprocess per image at shape (1, 3, 640, 640)
[Inference] Got 0 detections.

0: 640x640 (no detections), 231.0ms
Speed: 5.6ms preprocess, 231.0ms inference, 2.6ms postprocess per image at shape (1, 3, 640, 640)
[Inference] Got 0 detections.

0: 640x640 5 class1s, 233.0ms
Speed: 7.2ms preprocess, 233.0ms inference, 19.7ms postprocess per image at shape (1, 3, 640, 640)
[Inference] Got 5 detections.

0: 640x640 2 class1s, 230.9ms
Speed: 5.5ms preprocess, 230.9ms inference, 13.3ms postprocess per image at shape (1, 3, 640, 640)
[Inference] Got 2 detections.

0: 640x640 3 class1s, 226.9ms
Speed: 5.6ms preprocess, 226.9ms inference, 14.7ms postprocess per image at shape (1, 3, 640, 640)
[Inference] Got 3 detections.

0: 640x640 5 class1s, 241.1ms
Speed: 6.0ms preprocess, 241.1ms inference, 22.4ms postprocess per image at shape (1, 3, 640, 640)
[Inference] Got 5 detections.

0: 640x640 1 class1, 227.5ms
Speed: 5.4ms preprocess, 227.5ms inference, 7.8ms postprocess per image at shape (1, 3, 640, 640)
[Inference] Got 1 detections.

0: 640x640 3 class1s, 232.5ms
Speed: 6.6ms preprocess, 232.5ms inference, 18.8ms postprocess per image at shape (1, 3, 640, 640)
[Inference] Got 3 detections.

0: 640x640 2 class1s, 233.6ms
Speed: 5.4ms preprocess, 233.6ms inference, 20.5ms postprocess per image at shape (1, 3, 640, 640)
[Inference] Got 2 detections.

0: 640x640 1 class1, 232.4ms
Speed: 5.5ms preprocess, 232.4ms inference, 10.3ms postprocess per image at shape (1, 3, 640, 640)
[Inference] Got 1 detections.

0: 640x640 5 class1s, 238.0ms
Speed: 5.7ms preprocess, 238.0ms inference, 21.3ms postprocess per image at shape (1, 3, 640, 640)
[Inference] Got 5 detections.

0: 640x640 6 class1s, 234.7ms
Speed: 5.5ms preprocess, 234.7ms inference, 33.9ms postprocess per image at shape (1, 3, 640, 640)
[Inference] Got 6 detections.

0: 640x640 4 class1s, 232.4ms
Speed: 5.5ms preprocess, 232.4ms inference, 13.3ms postprocess per image at shape (1, 3, 640, 640)
[Inference] Got 4 detections.

0: 640x640 4 class1s, 242.5ms
Speed: 6.2ms preprocess, 242.5ms inference, 15.0ms postprocess per image at shape (1, 3, 640, 640)
[Inference] Got 4 detections.

0: 640x640 4 class1s, 240.8ms
Speed: 5.7ms preprocess, 240.8ms inference, 21.8ms postprocess per image at shape (1, 3, 640, 640)
[Inference] Got 4 detections.

0: 640x640 3 class1s, 235.1ms
Speed: 5.4ms preprocess, 235.1ms inference, 26.7ms postprocess per image at shape (1, 3, 640, 640)
[Inference] Got 3 detections.

0: 640x640 2 class1s, 234.8ms
Speed: 5.6ms preprocess, 234.8ms inference, 13.3ms postprocess per image at shape (1, 3, 640, 640)
[Inference] Got 2 detections.

0: 640x640 2 class1s, 241.9ms
Speed: 5.6ms preprocess, 241.9ms inference, 14.2ms postprocess per image at shape (1, 3, 640, 640)
[Inference] Got 2 detections.

0: 640x640 4 class1s, 236.0ms
Speed: 5.3ms preprocess, 236.0ms inference, 23.8ms postprocess per image at shape (1, 3, 640, 640)
[Inference] Got 4 detections.

0: 640x640 3 class1s, 228.6ms
Speed: 5.6ms preprocess, 228.6ms inference, 14.6ms postprocess per image at shape (1, 3, 640, 640)
[Inference] Got 3 detections.

0: 640x640 2 class1s, 238.7ms
Speed: 5.7ms preprocess, 238.7ms inference, 16.4ms postprocess per image at shape (1, 3, 640, 640)
[Inference] Got 2 detections.

0: 640x640 2 class1s, 224.8ms
Speed: 5.4ms preprocess, 224.8ms inference, 10.5ms postprocess per image at shape (1, 3, 640, 640)
[Inference] Got 2 detections.

0: 640x640 4 class1s, 226.5ms
Speed: 6.4ms preprocess, 226.5ms inference, 16.8ms postprocess per image at shape (1, 3, 640, 640)
[Inference] Got 4 detections.

0: 640x640 4 class1s, 225.0ms
Speed: 5.4ms preprocess, 225.0ms inference, 15.6ms postprocess per image at shape (1, 3, 640, 640)
[Inference] Got 4 detections.

0: 640x640 11 class1s, 225.8ms
Speed: 5.4ms preprocess, 225.8ms inference, 38.9ms postprocess per image at shape (1, 3, 640, 640)
[Inference] Got 11 detections.

0: 640x640 7 class1s, 227.7ms
Speed: 7.0ms preprocess, 227.7ms inference, 31.9ms postprocess per image at shape (1, 3, 640, 640)
[Inference] Got 7 detections.

0: 640x640 1 class0, 4 class1s, 227.4ms
Speed: 5.8ms preprocess, 227.4ms inference, 20.7ms postprocess per image at shape (1, 3, 640, 640)
[Inference] Got 5 detections.

0: 640x640 1 class0, 7 class1s, 226.4ms
Speed: 5.4ms preprocess, 226.4ms inference, 29.6ms postprocess per image at shape (1, 3, 640, 640)
[Inference] Got 8 detections.

0: 640x640 6 class1s, 229.0ms
Speed: 5.9ms preprocess, 229.0ms inference, 20.6ms postprocess per image at shape (1, 3, 640, 640)
[Inference] Got 6 detections.

0: 640x640 7 class1s, 235.9ms
Speed: 5.6ms preprocess, 235.9ms inference, 27.0ms postprocess per image at shape (1, 3, 640, 640)
[Inference] Got 7 detections.

0: 640x640 5 class1s, 227.9ms
Speed: 5.4ms preprocess, 227.9ms inference, 22.6ms postprocess per image at shape (1, 3, 640, 640)
[Inference] Got 5 detections.

0: 640x640 4 class1s, 230.3ms
Speed: 6.1ms preprocess, 230.3ms inference, 20.6ms postprocess per image at shape (1, 3, 640, 640)
[Inference] Got 4 detections.

0: 640x640 5 class1s, 234.5ms
Speed: 5.6ms preprocess, 234.5ms inference, 20.0ms postprocess per image at shape (1, 3, 640, 640)
[Inference] Got 5 detections.

0: 640x640 (no detections), 228.2ms
Speed: 5.4ms preprocess, 228.2ms inference, 3.2ms postprocess per image at shape (1, 3, 640, 640)
[Inference] Got 0 detections.

0: 640x640 (no detections), 230.6ms
Speed: 6.7ms preprocess, 230.6ms inference, 4.4ms postprocess per image at shape (1, 3, 640, 640)
[Inference] Got 0 detections.

0: 640x640 (no detections), 244.1ms
Speed: 5.7ms preprocess, 244.1ms inference, 3.4ms postprocess per image at shape (1, 3, 640, 640)
[Inference] Got 0 detections.

0: 640x640 (no detections), 231.9ms
Speed: 6.8ms preprocess, 231.9ms inference, 3.1ms postprocess per image at shape (1, 3, 640, 640)
[Inference] Got 0 detections.

0: 640x640 (no detections), 226.5ms
Speed: 5.6ms preprocess, 226.5ms inference, 3.2ms postprocess per image at shape (1, 3, 640, 640)
[Inference] Got 0 detections.

0: 640x640 (no detections), 234.4ms
Speed: 5.7ms preprocess, 234.4ms inference, 4.9ms postprocess per image at shape (1, 3, 640, 640)
[Inference] Got 0 detections.

0: 640x640 (no detections), 235.1ms
Speed: 5.5ms preprocess, 235.1ms inference, 3.1ms postprocess per image at shape (1, 3, 640, 640)
[Inference] Got 0 detections.

0: 640x640 (no detections), 248.9ms
Speed: 6.5ms preprocess, 248.9ms inference, 5.1ms postprocess per image at shape (1, 3, 640, 640)
[Inference] Got 0 detections.

0: 640x640 (no detections), 245.7ms
Speed: 5.7ms preprocess, 245.7ms inference, 2.9ms postprocess per image at shape (1, 3, 640, 640)
[Inference] Got 0 detections.

0: 640x640 (no detections), 245.6ms
Speed: 7.1ms preprocess, 245.6ms inference, 4.6ms postprocess per image at shape (1, 3, 640, 640)
[Inference] Got 0 detections.

0: 640x640 (no detections), 244.7ms
Speed: 6.1ms preprocess, 244.7ms inference, 5.2ms postprocess per image at shape (1, 3, 640, 640)
[Inference] Got 0 detections.

0: 640x640 (no detections), 230.8ms
Speed: 5.4ms preprocess, 230.8ms inference, 3.1ms postprocess per image at shape (1, 3, 640, 640)
[Inference] Got 0 detections.

0: 640x640 1 class1, 242.1ms
Speed: 5.8ms preprocess, 242.1ms inference, 12.1ms postprocess per image at shape (1, 3, 640, 640)
[Inference] Got 1 detections.

0: 640x640 2 class1s, 234.1ms
Speed: 5.6ms preprocess, 234.1ms inference, 14.0ms postprocess per image at shape (1, 3, 640, 640)
[Inference] Got 2 detections.

0: 640x640 5 class1s, 244.5ms
Speed: 6.3ms preprocess, 244.5ms inference, 21.7ms postprocess per image at shape (1, 3, 640, 640)
[Inference] Got 5 detections.

0: 640x640 (no detections), 240.0ms
Speed: 5.8ms preprocess, 240.0ms inference, 4.6ms postprocess per image at shape (1, 3, 640, 640)
[Inference] Got 0 detections.

0: 640x640 (no detections), 234.8ms
Speed: 5.5ms preprocess, 234.8ms inference, 3.0ms postprocess per image at shape (1, 3, 640, 640)
[Inference] Got 0 detections.

0: 640x640 1 class1, 240.5ms
Speed: 5.8ms preprocess, 240.5ms inference, 7.8ms postprocess per image at shape (1, 3, 640, 640)
[Inference] Got 1 detections.

0: 640x640 4 class1s, 234.8ms
Speed: 5.4ms preprocess, 234.8ms inference, 20.0ms postprocess per image at shape (1, 3, 640, 640)
[Inference] Got 4 detections.

0: 640x640 (no detections), 227.2ms
Speed: 5.4ms preprocess, 227.2ms inference, 2.9ms postprocess per image at shape (1, 3, 640, 640)
[Inference] Got 0 detections.

0: 640x640 2 class1s, 229.0ms
Speed: 5.5ms preprocess, 229.0ms inference, 18.6ms postprocess per image at shape (1, 3, 640, 640)
[Inference] Got 2 detections.

0: 640x640 2 class1s, 220.3ms
Speed: 5.6ms preprocess, 220.3ms inference, 14.4ms postprocess per image at shape (1, 3, 640, 640)
[Inference] Got 2 detections.

0: 640x640 2 class1s, 231.2ms
Speed: 6.3ms preprocess, 231.2ms inference, 16.6ms postprocess per image at shape (1, 3, 640, 640)
[Inference] Got 2 detections.

0: 640x640 3 class1s, 222.0ms
Speed: 5.9ms preprocess, 222.0ms inference, 13.9ms postprocess per image at shape (1, 3, 640, 640)
[Inference] Got 3 detections.

0: 640x640 1 class1, 225.1ms
Speed: 5.8ms preprocess, 225.1ms inference, 11.4ms postprocess per image at shape (1, 3, 640, 640)
[Inference] Got 1 detections.

0: 640x640 1 class1, 221.9ms
Speed: 8.3ms preprocess, 221.9ms inference, 10.3ms postprocess per image at shape (1, 3, 640, 640)
[Inference] Got 1 detections.

0: 640x640 (no detections), 229.5ms
Speed: 5.6ms preprocess, 229.5ms inference, 4.2ms postprocess per image at shape (1, 3, 640, 640)
[Inference] Got 0 detections.

0: 640x640 (no detections), 221.6ms
Speed: 5.8ms preprocess, 221.6ms inference, 3.5ms postprocess per image at shape (1, 3, 640, 640)
[Inference] Got 0 detections.

0: 640x640 1 class1, 224.2ms
Speed: 5.4ms preprocess, 224.2ms inference, 9.8ms postprocess per image at shape (1, 3, 640, 640)
[Inference] Got 1 detections.

0: 640x640 1 class1, 228.1ms
Speed: 6.7ms preprocess, 228.1ms inference, 9.6ms postprocess per image at shape (1, 3, 640, 640)
[Inference] Got 1 detections.

0: 640x640 1 class1, 228.2ms
Speed: 5.5ms preprocess, 228.2ms inference, 8.0ms postprocess per image at shape (1, 3, 640, 640)
[Inference] Got 1 detections.

0: 640x640 (no detections), 227.0ms
Speed: 6.6ms preprocess, 227.0ms inference, 4.2ms postprocess per image at shape (1, 3, 640, 640)
[Inference] Got 0 detections.

0: 640x640 1 class1, 226.6ms
Speed: 6.2ms preprocess, 226.6ms inference, 10.1ms postprocess per image at shape (1, 3, 640, 640)
[Inference] Got 1 detections.

0: 640x640 3 class1s, 234.9ms
Speed: 6.3ms preprocess, 234.9ms inference, 12.1ms postprocess per image at shape (1, 3, 640, 640)
[Inference] Got 3 detections.

0: 640x640 1 class1, 230.8ms
Speed: 5.4ms preprocess, 230.8ms inference, 9.7ms postprocess per image at shape (1, 3, 640, 640)
[Inference] Got 1 detections.

0: 640x640 2 class1s, 231.0ms
Speed: 6.7ms preprocess, 231.0ms inference, 15.1ms postprocess per image at shape (1, 3, 640, 640)
[Inference] Got 2 detections.

0: 640x640 1 class1, 232.7ms
Speed: 5.4ms preprocess, 232.7ms inference, 15.6ms postprocess per image at shape (1, 3, 640, 640)
[Inference] Got 1 detections.

0: 640x640 (no detections), 228.3ms
Speed: 6.3ms preprocess, 228.3ms inference, 3.1ms postprocess per image at shape (1, 3, 640, 640)
[Inference] Got 0 detections.

0: 640x640 (no detections), 239.9ms
Speed: 6.8ms preprocess, 239.9ms inference, 4.3ms postprocess per image at shape (1, 3, 640, 640)
[Inference] Got 0 detections.

0: 640x640 (no detections), 228.3ms
Speed: 5.9ms preprocess, 228.3ms inference, 3.1ms postprocess per image at shape (1, 3, 640, 640)
[Inference] Got 0 detections.

0: 640x640 (no detections), 236.4ms
Speed: 5.6ms preprocess, 236.4ms inference, 3.3ms postprocess per image at shape (1, 3, 640, 640)
[Inference] Got 0 detections.

0: 640x640 (no detections), 245.4ms
Speed: 7.3ms preprocess, 245.4ms inference, 2.8ms postprocess per image at shape (1, 3, 640, 640)
[Inference] Got 0 detections.

0: 640x640 (no detections), 245.8ms
Speed: 6.6ms preprocess, 245.8ms inference, 3.4ms postprocess per image at shape (1, 3, 640, 640)
[Inference] Got 0 detections.

0: 640x640 (no detections), 233.4ms
Speed: 5.5ms preprocess, 233.4ms inference, 2.9ms postprocess per image at shape (1, 3, 640, 640)
[Inference] Got 0 detections.

0: 640x640 (no detections), 241.2ms
Speed: 5.7ms preprocess, 241.2ms inference, 4.7ms postprocess per image at shape (1, 3, 640, 640)
[Inference] Got 0 detections.

0: 640x640 (no detections), 234.7ms
Speed: 5.6ms preprocess, 234.7ms inference, 3.0ms postprocess per image at shape (1, 3, 640, 640)
[Inference] Got 0 detections.

0: 640x640 (no detections), 250.1ms
Speed: 5.6ms preprocess, 250.1ms inference, 4.3ms postprocess per image at shape (1, 3, 640, 640)
[Inference] Got 0 detections.

0: 640x640 (no detections), 234.3ms
Speed: 5.5ms preprocess, 234.3ms inference, 2.8ms postprocess per image at shape (1, 3, 640, 640)
[Inference] Got 0 detections.

0: 640x640 (no detections), 238.5ms
Speed: 6.4ms preprocess, 238.5ms inference, 3.9ms postprocess per image at shape (1, 3, 640, 640)
[Inference] Got 0 detections.

0: 640x640 (no detections), 231.9ms
Speed: 5.4ms preprocess, 231.9ms inference, 2.9ms postprocess per image at shape (1, 3, 640, 640)
[Inference] Got 0 detections.

0: 640x640 (no detections), 242.4ms
Speed: 6.3ms preprocess, 242.4ms inference, 4.6ms postprocess per image at shape (1, 3, 640, 640)
[Inference] Got 0 detections.

0: 640x640 (no detections), 230.1ms
Speed: 5.6ms preprocess, 230.1ms inference, 3.0ms postprocess per image at shape (1, 3, 640, 640)
[Inference] Got 0 detections.

0: 640x640 (no detections), 235.0ms
Speed: 6.6ms preprocess, 235.0ms inference, 3.8ms postprocess per image at shape (1, 3, 640, 640)
[Inference] Got 0 detections.

0: 640x640 (no detections), 228.1ms
Speed: 6.7ms preprocess, 228.1ms inference, 3.1ms postprocess per image at shape (1, 3, 640, 640)
[Inference] Got 0 detections.

0: 640x640 (no detections), 234.6ms
Speed: 5.6ms preprocess, 234.6ms inference, 4.7ms postprocess per image at shape (1, 3, 640, 640)
[Inference] Got 0 detections.

0: 640x640 (no detections), 223.4ms
Speed: 5.9ms preprocess, 223.4ms inference, 2.6ms postprocess per image at shape (1, 3, 640, 640)
[Inference] Got 0 detections.

0: 640x640 (no detections), 225.2ms
Speed: 6.3ms preprocess, 225.2ms inference, 3.1ms postprocess per image at shape (1, 3, 640, 640)
[Inference] Got 0 detections.

0: 640x640 (no detections), 229.4ms
Speed: 6.5ms preprocess, 229.4ms inference, 4.5ms postprocess per image at shape (1, 3, 640, 640)
[Inference] Got 0 detections.

0: 640x640 (no detections), 228.7ms
Speed: 5.5ms preprocess, 228.7ms inference, 2.9ms postprocess per image at shape (1, 3, 640, 640)
[Inference] Got 0 detections.

0: 640x640 (no detections), 229.8ms
Speed: 6.4ms preprocess, 229.8ms inference, 3.1ms postprocess per image at shape (1, 3, 640, 640)
[Inference] Got 0 detections.

0: 640x640 (no detections), 226.1ms
Speed: 5.4ms preprocess, 226.1ms inference, 3.4ms postprocess per image at shape (1, 3, 640, 640)
[Inference] Got 0 detections.

0: 640x640 (no detections), 234.0ms
Speed: 5.7ms preprocess, 234.0ms inference, 3.4ms postprocess per image at shape (1, 3, 640, 640)
[Inference] Got 0 detections.

0: 640x640 (no detections), 228.8ms
Speed: 6.0ms preprocess, 228.8ms inference, 3.6ms postprocess per image at shape (1, 3, 640, 640)
[Inference] Got 0 detections.

0: 640x640 (no detections), 232.9ms
Speed: 6.0ms preprocess, 232.9ms inference, 2.6ms postprocess per image at shape (1, 3, 640, 640)
[Inference] Got 0 detections.

0: 640x640 (no detections), 233.2ms
Speed: 6.4ms preprocess, 233.2ms inference, 3.5ms postprocess per image at shape (1, 3, 640, 640)
[Inference] Got 0 detections.

0: 640x640 (no detections), 233.1ms
Speed: 6.3ms preprocess, 233.1ms inference, 3.2ms postprocess per image at shape (1, 3, 640, 640)
[Inference] Got 0 detections.

0: 640x640 (no detections), 228.5ms
Speed: 6.8ms preprocess, 228.5ms inference, 5.7ms postprocess per image at shape (1, 3, 640, 640)
[Inference] Got 0 detections.

0: 640x640 (no detections), 229.6ms
Speed: 6.2ms preprocess, 229.6ms inference, 2.6ms postprocess per image at shape (1, 3, 640, 640)
[Inference] Got 0 detections.

0: 640x640 (no detections), 235.2ms
Speed: 6.4ms preprocess, 235.2ms inference, 4.9ms postprocess per image at shape (1, 3, 640, 640)
[Inference] Got 0 detections.

0: 640x640 (no detections), 230.8ms
Speed: 8.1ms preprocess, 230.8ms inference, 3.0ms postprocess per image at shape (1, 3, 640, 640)
[Inference] Got 0 detections.

0: 640x640 (no detections), 236.8ms
Speed: 6.3ms preprocess, 236.8ms inference, 4.2ms postprocess per image at shape (1, 3, 640, 640)
[Inference] Got 0 detections.

0: 640x640 (no detections), 234.9ms
Speed: 7.0ms preprocess, 234.9ms inference, 3.1ms postprocess per image at shape (1, 3, 640, 640)
[Inference] Got 0 detections.

0: 640x640 (no detections), 238.7ms
Speed: 6.3ms preprocess, 238.7ms inference, 4.6ms postprocess per image at shape (1, 3, 640, 640)
[Inference] Got 0 detections.

0: 640x640 (no detections), 232.4ms
Speed: 6.4ms preprocess, 232.4ms inference, 2.9ms postprocess per image at shape (1, 3, 640, 640)
[Inference] Got 0 detections.

0: 640x640 (no detections), 239.3ms
Speed: 5.9ms preprocess, 239.3ms inference, 3.4ms postprocess per image at shape (1, 3, 640, 640)
[Inference] Got 0 detections.

0: 640x640 (no detections), 238.5ms
Speed: 6.2ms preprocess, 238.5ms inference, 3.0ms postprocess per image at shape (1, 3, 640, 640)
[Inference] Got 0 detections.

0: 640x640 (no detections), 241.2ms
Speed: 6.7ms preprocess, 241.2ms inference, 6.0ms postprocess per image at shape (1, 3, 640, 640)
[Inference] Got 0 detections.

0: 640x640 (no detections), 237.6ms
Speed: 5.6ms preprocess, 237.6ms inference, 3.5ms postprocess per image at shape (1, 3, 640, 640)
[Inference] Got 0 detections.

0: 640x640 (no detections), 238.7ms
Speed: 6.5ms preprocess, 238.7ms inference, 4.9ms postprocess per image at shape (1, 3, 640, 640)
[Inference] Got 0 detections.

0: 640x640 (no detections), 237.0ms
Speed: 6.1ms preprocess, 237.0ms inference, 3.0ms postprocess per image at shape (1, 3, 640, 640)
[Inference] Got 0 detections.

0: 640x640 (no detections), 231.7ms
Speed: 7.0ms preprocess, 231.7ms inference, 5.8ms postprocess per image at shape (1, 3, 640, 640)
[Inference] Got 0 detections.

0: 640x640 (no detections), 236.3ms
Speed: 5.6ms preprocess, 236.3ms inference, 3.0ms postprocess per image at shape (1, 3, 640, 640)
[Inference] Got 0 detections.

0: 640x640 (no detections), 248.7ms
Speed: 6.9ms preprocess, 248.7ms inference, 5.4ms postprocess per image at shape (1, 3, 640, 640)
[Inference] Got 0 detections.

0: 640x640 (no detections), 237.7ms
Speed: 7.3ms preprocess, 237.7ms inference, 5.7ms postprocess per image at shape (1, 3, 640, 640)
[Inference] Got 0 detections.

0: 640x640 (no detections), 227.0ms
Speed: 6.3ms preprocess, 227.0ms inference, 2.9ms postprocess per image at shape (1, 3, 640, 640)
[Inference] Got 0 detections.

0: 640x640 (no detections), 236.5ms
Speed: 5.9ms preprocess, 236.5ms inference, 4.4ms postprocess per image at shape (1, 3, 640, 640)
[Inference] Got 0 detections.

0: 640x640 (no detections), 227.3ms
Speed: 5.7ms preprocess, 227.3ms inference, 3.1ms postprocess per image at shape (1, 3, 640, 640)
[Inference] Got 0 detections.

0: 640x640 (no detections), 241.3ms
Speed: 7.5ms preprocess, 241.3ms inference, 2.9ms postprocess per image at shape (1, 3, 640, 640)
[Inference] Got 0 detections.

0: 640x640 (no detections), 231.3ms
Speed: 6.9ms preprocess, 231.3ms inference, 2.9ms postprocess per image at shape (1, 3, 640, 640)
[Inference] Got 0 detections.

0: 640x640 (no detections), 229.2ms
Speed: 7.0ms preprocess, 229.2ms inference, 3.6ms postprocess per image at shape (1, 3, 640, 640)
[Inference] Got 0 detections.

0: 640x640 (no detections), 227.2ms
Speed: 6.5ms preprocess, 227.2ms inference, 3.7ms postprocess per image at shape (1, 3, 640, 640)
[Inference] Got 0 detections.

0: 640x640 (no detections), 227.8ms
Speed: 5.7ms preprocess, 227.8ms inference, 3.1ms postprocess per image at shape (1, 3, 640, 640)
[Inference] Got 0 detections.

0: 640x640 (no detections), 229.1ms
Speed: 5.6ms preprocess, 229.1ms inference, 3.1ms postprocess per image at shape (1, 3, 640, 640)
[Inference] Got 0 detections.

0: 640x640 (no detections), 221.1ms
Speed: 6.1ms preprocess, 221.1ms inference, 3.2ms postprocess per image at shape (1, 3, 640, 640)
[Inference] Got 0 detections.

0: 640x640 (no detections), 228.0ms
Speed: 5.5ms preprocess, 228.0ms inference, 3.7ms postprocess per image at shape (1, 3, 640, 640)
[Inference] Got 0 detections.

0: 640x640 (no detections), 238.4ms
Speed: 8.6ms preprocess, 238.4ms inference, 4.2ms postprocess per image at shape (1, 3, 640, 640)
[Inference] Got 0 detections.

0: 640x640 (no detections), 231.2ms
Speed: 6.1ms preprocess, 231.2ms inference, 2.8ms postprocess per image at shape (1, 3, 640, 640)
[Inference] Got 0 detections.

0: 640x640 (no detections), 234.7ms
Speed: 6.8ms preprocess, 234.7ms inference, 3.7ms postprocess per image at shape (1, 3, 640, 640)
[Inference] Got 0 detections.

0: 640x640 (no detections), 232.1ms
Speed: 5.5ms preprocess, 232.1ms inference, 3.5ms postprocess per image at shape (1, 3, 640, 640)
[Inference] Got 0 detections.

0: 640x640 (no detections), 239.4ms
Speed: 6.4ms preprocess, 239.4ms inference, 3.0ms postprocess per image at shape (1, 3, 640, 640)
[Inference] Got 0 detections.

0: 640x640 (no detections), 230.2ms
Speed: 5.4ms preprocess, 230.2ms inference, 2.9ms postprocess per image at shape (1, 3, 640, 640)
[Inference] Got 0 detections.

0: 640x640 (no detections), 236.6ms
Speed: 6.6ms preprocess, 236.6ms inference, 3.9ms postprocess per image at shape (1, 3, 640, 640)
[Inference] Got 0 detections.

0: 640x640 (no detections), 232.4ms
Speed: 5.4ms preprocess, 232.4ms inference, 3.1ms postprocess per image at shape (1, 3, 640, 640)
[Inference] Got 0 detections.

0: 640x640 (no detections), 240.9ms
Speed: 6.7ms preprocess, 240.9ms inference, 3.9ms postprocess per image at shape (1, 3, 640, 640)
[Inference] Got 0 detections.

0: 640x640 (no detections), 233.9ms
Speed: 5.5ms preprocess, 233.9ms inference, 2.9ms postprocess per image at shape (1, 3, 640, 640)
[Inference] Got 0 detections.

0: 640x640 (no detections), 238.4ms
Speed: 6.5ms preprocess, 238.4ms inference, 4.3ms postprocess per image at shape (1, 3, 640, 640)
[Inference] Got 0 detections.

0: 640x640 (no detections), 233.4ms
Speed: 5.6ms preprocess, 233.4ms inference, 2.6ms postprocess per image at shape (1, 3, 640, 640)
[Inference] Got 0 detections.

0: 640x640 (no detections), 245.4ms
Speed: 6.5ms preprocess, 245.4ms inference, 3.8ms postprocess per image at shape (1, 3, 640, 640)
[Inference] Got 0 detections.

0: 640x640 (no detections), 238.1ms
Speed: 5.9ms preprocess, 238.1ms inference, 2.9ms postprocess per image at shape (1, 3, 640, 640)
[Inference] Got 0 detections.

0: 640x640 (no detections), 237.1ms
Speed: 6.9ms preprocess, 237.1ms inference, 4.0ms postprocess per image at shape (1, 3, 640, 640)
[Inference] Got 0 detections.

0: 640x640 (no detections), 239.0ms
Speed: 5.7ms preprocess, 239.0ms inference, 2.6ms postprocess per image at shape (1, 3, 640, 640)
[Inference] Got 0 detections.

0: 640x640 (no detections), 245.4ms
Speed: 6.4ms preprocess, 245.4ms inference, 4.4ms postprocess per image at shape (1, 3, 640, 640)
[Inference] Got 0 detections.

0: 640x640 (no detections), 248.3ms
Speed: 5.9ms preprocess, 248.3ms inference, 3.7ms postprocess per image at shape (1, 3, 640, 640)
[Inference] Got 0 detections.

0: 640x640 (no detections), 230.1ms
Speed: 6.1ms preprocess, 230.1ms inference, 3.3ms postprocess per image at shape (1, 3, 640, 640)
[Inference] Got 0 detections.

0: 640x640 (no detections), 236.3ms
Speed: 5.6ms preprocess, 236.3ms inference, 3.9ms postprocess per image at shape (1, 3, 640, 640)
[Inference] Got 0 detections.

0: 640x640 (no detections), 233.0ms
Speed: 7.3ms preprocess, 233.0ms inference, 2.9ms postprocess per image at shape (1, 3, 640, 640)
[Inference] Got 0 detections.

0: 640x640 (no detections), 235.2ms
Speed: 5.7ms preprocess, 235.2ms inference, 4.3ms postprocess per image at shape (1, 3, 640, 640)
[Inference] Got 0 detections.

0: 640x640 (no detections), 229.5ms
Speed: 5.4ms preprocess, 229.5ms inference, 2.6ms postprocess per image at shape (1, 3, 640, 640)
[Inference] Got 0 detections.

0: 640x640 (no detections), 230.7ms
Speed: 5.4ms preprocess, 230.7ms inference, 3.2ms postprocess per image at shape (1, 3, 640, 640)
[Inference] Got 0 detections.

0: 640x640 (no detections), 240.5ms
Speed: 6.8ms preprocess, 240.5ms inference, 4.1ms postprocess per image at shape (1, 3, 640, 640)
[Inference] Got 0 detections.

0: 640x640 (no detections), 230.4ms
Speed: 5.7ms preprocess, 230.4ms inference, 2.8ms postprocess per image at shape (1, 3, 640, 640)
[Inference] Got 0 detections.

0: 640x640 (no detections), 228.8ms
Speed: 6.6ms preprocess, 228.8ms inference, 4.0ms postprocess per image at shape (1, 3, 640, 640)
[Inference] Got 0 detections.

0: 640x640 (no detections), 236.1ms
Speed: 5.3ms preprocess, 236.1ms inference, 3.1ms postprocess per image at shape (1, 3, 640, 640)
[Inference] Got 0 detections.

0: 640x640 (no detections), 233.1ms
Speed: 6.9ms preprocess, 233.1ms inference, 4.5ms postprocess per image at shape (1, 3, 640, 640)
[Inference] Got 0 detections.

0: 640x640 (no detections), 227.9ms
Speed: 5.9ms preprocess, 227.9ms inference, 3.0ms postprocess per image at shape (1, 3, 640, 640)
[Inference] Got 0 detections.

0: 640x640 (no detections), 236.8ms
Speed: 5.7ms preprocess, 236.8ms inference, 4.8ms postprocess per image at shape (1, 3, 640, 640)
[Inference] Got 0 detections.

0: 640x640 (no detections), 226.0ms
Speed: 5.5ms preprocess, 226.0ms inference, 3.5ms postprocess per image at shape (1, 3, 640, 640)
[Inference] Got 0 detections.

0: 640x640 (no detections), 241.9ms
Speed: 5.6ms preprocess, 241.9ms inference, 4.6ms postprocess per image at shape (1, 3, 640, 640)
[Inference] Got 0 detections.

0: 640x640 (no detections), 226.7ms
Speed: 5.5ms preprocess, 226.7ms inference, 2.6ms postprocess per image at shape (1, 3, 640, 640)
[Inference] Got 0 detections.

0: 640x640 (no detections), 233.1ms
Speed: 5.6ms preprocess, 233.1ms inference, 3.9ms postprocess per image at shape (1, 3, 640, 640)
[Inference] Got 0 detections.

0: 640x640 (no detections), 232.7ms
Speed: 5.4ms preprocess, 232.7ms inference, 3.2ms postprocess per image at shape (1, 3, 640, 640)
[Inference] Got 0 detections.

0: 640x640 (no detections), 237.8ms
Speed: 5.9ms preprocess, 237.8ms inference, 3.4ms postprocess per image at shape (1, 3, 640, 640)
[Inference] Got 0 detections.

0: 640x640 (no detections), 229.8ms
Speed: 6.0ms preprocess, 229.8ms inference, 3.0ms postprocess per image at shape (1, 3, 640, 640)
[Inference] Got 0 detections.

0: 640x640 (no detections), 232.3ms
Speed: 5.6ms preprocess, 232.3ms inference, 2.7ms postprocess per image at shape (1, 3, 640, 640)
[Inference] Got 0 detections.

0: 640x640 (no detections), 234.1ms
Speed: 6.8ms preprocess, 234.1ms inference, 4.7ms postprocess per image at shape (1, 3, 640, 640)
[Inference] Got 0 detections.

0: 640x640 (no detections), 238.9ms
Speed: 5.5ms preprocess, 238.9ms inference, 3.3ms postprocess per image at shape (1, 3, 640, 640)
[Inference] Got 0 detections.

0: 640x640 (no detections), 230.3ms
Speed: 7.0ms preprocess, 230.3ms inference, 4.8ms postprocess per image at shape (1, 3, 640, 640)
[Inference] Got 0 detections.

0: 640x640 (no detections), 233.8ms
Speed: 5.5ms preprocess, 233.8ms inference, 3.7ms postprocess per image at shape (1, 3, 640, 640)
[Inference] Got 0 detections.

0: 640x640 (no detections), 239.0ms
Speed: 6.7ms preprocess, 239.0ms inference, 4.8ms postprocess per image at shape (1, 3, 640, 640)
[Inference] Got 0 detections.

0: 640x640 (no detections), 241.4ms
Speed: 5.5ms preprocess, 241.4ms inference, 3.6ms postprocess per image at shape (1, 3, 640, 640)
[Inference] Got 0 detections.

0: 640x640 (no detections), 241.2ms
Speed: 6.5ms preprocess, 241.2ms inference, 3.7ms postprocess per image at shape (1, 3, 640, 640)
[Inference] Got 0 detections.

0: 640x640 (no detections), 241.6ms
Speed: 6.5ms preprocess, 241.6ms inference, 4.2ms postprocess per image at shape (1, 3, 640, 640)
[Inference] Got 0 detections.

0: 640x640 (no detections), 234.2ms
Speed: 5.5ms preprocess, 234.2ms inference, 2.9ms postprocess per image at shape (1, 3, 640, 640)
[Inference] Got 0 detections.

0: 640x640 1 class1, 247.0ms
Speed: 6.2ms preprocess, 247.0ms inference, 11.1ms postprocess per image at shape (1, 3, 640, 640)
[Inference] Got 1 detections.

0: 640x640 1 class1, 234.3ms
Speed: 5.4ms preprocess, 234.3ms inference, 8.2ms postprocess per image at shape (1, 3, 640, 640)
[Inference] Got 1 detections.

0: 640x640 (no detections), 239.5ms
Speed: 6.2ms preprocess, 239.5ms inference, 4.2ms postprocess per image at shape (1, 3, 640, 640)
[Inference] Got 0 detections.

0: 640x640 (no detections), 233.3ms
Speed: 5.6ms preprocess, 233.3ms inference, 3.2ms postprocess per image at shape (1, 3, 640, 640)
[Inference] Got 0 detections.

0: 640x640 1 class0, 3 class1s, 243.3ms
Speed: 6.5ms preprocess, 243.3ms inference, 22.1ms postprocess per image at shape (1, 3, 640, 640)
[Inference] Got 4 detections.

0: 640x640 2 class1s, 238.2ms
Speed: 5.8ms preprocess, 238.2ms inference, 16.1ms postprocess per image at shape (1, 3, 640, 640)
[Inference] Got 2 detections.

0: 640x640 1 class0, 1 class1, 231.7ms
Speed: 5.5ms preprocess, 231.7ms inference, 11.0ms postprocess per image at shape (1, 3, 640, 640)
[Inference] Got 2 detections.

0: 640x640 1 class0, 1 class1, 235.8ms
Speed: 6.9ms preprocess, 235.8ms inference, 15.7ms postprocess per image at shape (1, 3, 640, 640)
[Inference] Got 2 detections.

0: 640x640 (no detections), 237.0ms
Speed: 6.2ms preprocess, 237.0ms inference, 4.7ms postprocess per image at shape (1, 3, 640, 640)
[Inference] Got 0 detections.

0: 640x640 5 class1s, 227.4ms
Speed: 5.5ms preprocess, 227.4ms inference, 15.4ms postprocess per image at shape (1, 3, 640, 640)
[Inference] Got 5 detections.

0: 640x640 1 class0, 9 class1s, 235.3ms
Speed: 5.7ms preprocess, 235.3ms inference, 41.9ms postprocess per image at shape (1, 3, 640, 640)
[Inference] Got 10 detections.

0: 640x640 1 class0, 8 class1s, 232.5ms
Speed: 6.0ms preprocess, 232.5ms inference, 35.2ms postprocess per image at shape (1, 3, 640, 640)
[Inference] Got 9 detections.

0: 640x640 8 class1s, 234.8ms
Speed: 5.3ms preprocess, 234.8ms inference, 40.5ms postprocess per image at shape (1, 3, 640, 640)
[Inference] Got 8 detections.

0: 640x640 9 class1s, 227.8ms
Speed: 5.4ms preprocess, 227.8ms inference, 31.0ms postprocess per image at shape (1, 3, 640, 640)
[Inference] Got 9 detections.

0: 640x640 10 class1s, 227.1ms
Speed: 5.4ms preprocess, 227.1ms inference, 36.2ms postprocess per image at shape (1, 3, 640, 640)
[Inference] Got 10 detections.

0: 640x640 (no detections), 237.3ms
Speed: 6.3ms preprocess, 237.3ms inference, 4.6ms postprocess per image at shape (1, 3, 640, 640)
[Inference] Got 0 detections.

0: 640x640 (no detections), 229.3ms
Speed: 5.5ms preprocess, 229.3ms inference, 2.6ms postprocess per image at shape (1, 3, 640, 640)
[Inference] Got 0 detections.

0: 640x640 1 class1, 234.4ms
Speed: 6.7ms preprocess, 234.4ms inference, 6.4ms postprocess per image at shape (1, 3, 640, 640)
[Inference] Got 1 detections.

0: 640x640 1 class1, 230.6ms
Speed: 5.4ms preprocess, 230.6ms inference, 8.3ms postprocess per image at shape (1, 3, 640, 640)
[Inference] Got 1 detections.

0: 640x640 (no detections), 241.3ms
Speed: 6.2ms preprocess, 241.3ms inference, 4.0ms postprocess per image at shape (1, 3, 640, 640)
[Inference] Got 0 detections.

0: 640x640 1 class1, 233.3ms
Speed: 6.0ms preprocess, 233.3ms inference, 6.1ms postprocess per image at shape (1, 3, 640, 640)
[Inference] Got 1 detections.

0: 640x640 (no detections), 241.0ms
Speed: 6.8ms preprocess, 241.0ms inference, 3.2ms postprocess per image at shape (1, 3, 640, 640)
[Inference] Got 0 detections.

0: 640x640 6 class1s, 253.8ms
Speed: 6.9ms preprocess, 253.8ms inference, 24.0ms postprocess per image at shape (1, 3, 640, 640)
[Inference] Got 6 detections.

0: 640x640 1 class0, 16 class1s, 244.1ms
Speed: 5.4ms preprocess, 244.1ms inference, 49.3ms postprocess per image at shape (1, 3, 640, 640)
[Inference] Got 17 detections.

0: 640x640 1 class0, 14 class1s, 239.5ms
Speed: 5.8ms preprocess, 239.5ms inference, 45.1ms postprocess per image at shape (1, 3, 640, 640)
[Inference] Got 15 detections.

0: 640x640 16 class1s, 241.6ms
Speed: 5.9ms preprocess, 241.6ms inference, 50.5ms postprocess per image at shape (1, 3, 640, 640)
[Inference] Got 16 detections.

0: 640x640 16 class1s, 250.2ms
Speed: 5.7ms preprocess, 250.2ms inference, 44.7ms postprocess per image at shape (1, 3, 640, 640)
[Inference] Got 16 detections.

0: 640x640 16 class1s, 242.4ms
Speed: 6.6ms preprocess, 242.4ms inference, 65.9ms postprocess per image at shape (1, 3, 640, 640)
[Inference] Got 16 detections.

0: 640x640 16 class1s, 235.5ms
Speed: 5.7ms preprocess, 235.5ms inference, 66.8ms postprocess per image at shape (1, 3, 640, 640)
[Inference] Got 16 detections.

0: 640x640 19 class1s, 240.7ms
Speed: 5.5ms preprocess, 240.7ms inference, 59.5ms postprocess per image at shape (1, 3, 640, 640)
[Inference] Got 19 detections.

0: 640x640 1 class0, 12 class1s, 242.0ms
Speed: 5.7ms preprocess, 242.0ms inference, 38.8ms postprocess per image at shape (1, 3, 640, 640)
[Inference] Got 13 detections.

0: 640x640 16 class1s, 238.7ms
Speed: 6.0ms preprocess, 238.7ms inference, 45.7ms postprocess per image at shape (1, 3, 640, 640)
[Inference] Got 16 detections.

0: 640x640 1 class0, 19 class1s, 239.8ms
Speed: 5.6ms preprocess, 239.8ms inference, 53.5ms postprocess per image at shape (1, 3, 640, 640)
[Inference] Got 20 detections.

0: 640x640 1 class0, 14 class1s, 247.0ms
Speed: 5.6ms preprocess, 247.0ms inference, 41.8ms postprocess per image at shape (1, 3, 640, 640)
[Inference] Got 15 detections.

0: 640x640 14 class1s, 238.7ms
Speed: 6.4ms preprocess, 238.7ms inference, 43.5ms postprocess per image at shape (1, 3, 640, 640)
[Inference] Got 14 detections.

0: 640x640 11 class1s, 237.7ms
Speed: 8.7ms preprocess, 237.7ms inference, 34.5ms postprocess per image at shape (1, 3, 640, 640)
[Inference] Got 11 detections.

0: 640x640 15 class1s, 241.5ms
Speed: 5.6ms preprocess, 241.5ms inference, 44.9ms postprocess per image at shape (1, 3, 640, 640)
[Inference] Got 15 detections.

0: 640x640 13 class1s, 236.5ms
Speed: 6.2ms preprocess, 236.5ms inference, 48.3ms postprocess per image at shape (1, 3, 640, 640)
[Inference] Got 13 detections.

0: 640x640 1 class0, 17 class1s, 240.9ms
Speed: 6.7ms preprocess, 240.9ms inference, 72.4ms postprocess per image at shape (1, 3, 640, 640)
[Inference] Got 18 detections.

0: 640x640 17 class1s, 234.2ms
Speed: 5.5ms preprocess, 234.2ms inference, 69.8ms postprocess per image at shape (1, 3, 640, 640)
[Inference] Got 17 detections.

0: 640x640 17 class1s, 230.8ms
Speed: 5.5ms preprocess, 230.8ms inference, 54.9ms postprocess per image at shape (1, 3, 640, 640)
[Inference] Got 17 detections.

0: 640x640 16 class1s, 225.9ms
Speed: 5.3ms preprocess, 225.9ms inference, 51.0ms postprocess per image at shape (1, 3, 640, 640)
[Inference] Got 16 detections.

0: 640x640 17 class1s, 225.1ms
Speed: 5.4ms preprocess, 225.1ms inference, 73.0ms postprocess per image at shape (1, 3, 640, 640)
[Inference] Got 17 detections.

0: 640x640 17 class1s, 231.2ms
Speed: 5.8ms preprocess, 231.2ms inference, 65.7ms postprocess per image at shape (1, 3, 640, 640)
[Inference] Got 17 detections.

0: 640x640 14 class1s, 235.2ms
Speed: 5.9ms preprocess, 235.2ms inference, 41.7ms postprocess per image at shape (1, 3, 640, 640)
[Inference] Got 14 detections.

0: 640x640 (no detections), 232.3ms
Speed: 5.6ms preprocess, 232.3ms inference, 4.6ms postprocess per image at shape (1, 3, 640, 640)
[Inference] Got 0 detections.

0: 640x640 3 class1s, 227.4ms
Speed: 5.6ms preprocess, 227.4ms inference, 14.8ms postprocess per image at shape (1, 3, 640, 640)
[Inference] Got 3 detections.

0: 640x640 4 class1s, 281.5ms
Speed: 6.2ms preprocess, 281.5ms inference, 20.8ms postprocess per image at shape (1, 3, 640, 640)
[Inference] Got 4 detections.

0: 640x640 (no detections), 245.0ms
Speed: 6.9ms preprocess, 245.0ms inference, 4.4ms postprocess per image at shape (1, 3, 640, 640)
[Inference] Got 0 detections.

0: 640x640 6 class1s, 273.7ms
Speed: 7.8ms preprocess, 273.7ms inference, 38.3ms postprocess per image at shape (1, 3, 640, 640)
[Inference] Got 6 detections.

0: 640x640 19 class1s, 256.0ms
Speed: 9.5ms preprocess, 256.0ms inference, 73.4ms postprocess per image at shape (1, 3, 640, 640)
[Inference] Got 19 detections.

0: 640x640 19 class1s, 237.7ms
Speed: 5.4ms preprocess, 237.7ms inference, 62.1ms postprocess per image at shape (1, 3, 640, 640)
[Inference] Got 19 detections.

0: 640x640 17 class1s, 242.7ms
Speed: 6.0ms preprocess, 242.7ms inference, 56.0ms postprocess per image at shape (1, 3, 640, 640)
[Inference] Got 17 detections.

0: 640x640 20 class1s, 248.4ms
Speed: 5.8ms preprocess, 248.4ms inference, 81.0ms postprocess per image at shape (1, 3, 640, 640)
[Inference] Got 20 detections.

0: 640x640 17 class1s, 238.3ms
Speed: 5.5ms preprocess, 238.3ms inference, 58.3ms postprocess per image at shape (1, 3, 640, 640)
[Inference] Got 17 detections.

0: 640x640 16 class1s, 239.9ms
Speed: 5.5ms preprocess, 239.9ms inference, 65.6ms postprocess per image at shape (1, 3, 640, 640)
[Inference] Got 16 detections.

0: 640x640 18 class1s, 247.6ms
Speed: 6.6ms preprocess, 247.6ms inference, 64.0ms postprocess per image at shape (1, 3, 640, 640)
[Inference] Got 18 detections.

0: 640x640 1 class0, 17 class1s, 237.4ms
Speed: 5.6ms preprocess, 237.4ms inference, 67.3ms postprocess per image at shape (1, 3, 640, 640)
[Inference] Got 18 detections.

0: 640x640 15 class1s, 234.8ms
Speed: 5.5ms preprocess, 234.8ms inference, 50.2ms postprocess per image at shape (1, 3, 640, 640)
[Inference] Got 15 detections.

0: 640x640 18 class1s, 239.2ms
Speed: 6.1ms preprocess, 239.2ms inference, 56.0ms postprocess per image at shape (1, 3, 640, 640)
[Inference] Got 18 detections.

0: 640x640 22 class1s, 240.1ms
Speed: 6.2ms preprocess, 240.1ms inference, 76.5ms postprocess per image at shape (1, 3, 640, 640)
[Inference] Got 22 detections.

0: 640x640 19 class1s, 237.1ms
Speed: 7.4ms preprocess, 237.1ms inference, 54.6ms postprocess per image at shape (1, 3, 640, 640)
[Inference] Got 19 detections.

0: 640x640 19 class1s, 233.8ms
Speed: 5.5ms preprocess, 233.8ms inference, 69.0ms postprocess per image at shape (1, 3, 640, 640)
[Inference] Got 19 detections.

0: 640x640 18 class1s, 233.3ms
Speed: 5.4ms preprocess, 233.3ms inference, 55.8ms postprocess per image at shape (1, 3, 640, 640)
[Inference] Got 18 detections.

0: 640x640 16 class1s, 234.9ms
Speed: 5.3ms preprocess, 234.9ms inference, 50.5ms postprocess per image at shape (1, 3, 640, 640)
[Inference] Got 16 detections.

0: 640x640 18 class1s, 240.7ms
Speed: 5.4ms preprocess, 240.7ms inference, 53.9ms postprocess per image at shape (1, 3, 640, 640)
[Inference] Got 18 detections.

0: 640x640 17 class1s, 236.4ms
Speed: 5.6ms preprocess, 236.4ms inference, 61.4ms postprocess per image at shape (1, 3, 640, 640)
[Inference] Got 17 detections.

0: 640x640 18 class1s, 237.2ms
Speed: 6.5ms preprocess, 237.2ms inference, 65.8ms postprocess per image at shape (1, 3, 640, 640)
[Inference] Got 18 detections.

0: 640x640 18 class1s, 232.0ms
Speed: 5.5ms preprocess, 232.0ms inference, 56.8ms postprocess per image at shape (1, 3, 640, 640)
[Inference] Got 18 detections.

0: 640x640 18 class1s, 230.2ms
Speed: 5.5ms preprocess, 230.2ms inference, 71.4ms postprocess per image at shape (1, 3, 640, 640)
[Inference] Got 18 detections.

0: 640x640 18 class1s, 235.1ms
Speed: 5.4ms preprocess, 235.1ms inference, 65.7ms postprocess per image at shape (1, 3, 640, 640)
[Inference] Got 18 detections.

0: 640x640 18 class1s, 243.3ms
Speed: 5.8ms preprocess, 243.3ms inference, 48.9ms postprocess per image at shape (1, 3, 640, 640)
[Inference] Got 18 detections.

0: 640x640 19 class1s, 239.7ms
Speed: 6.4ms preprocess, 239.7ms inference, 76.1ms postprocess per image at shape (1, 3, 640, 640)
[Inference] Got 19 detections.

0: 640x640 18 class1s, 232.3ms
Speed: 5.6ms preprocess, 232.3ms inference, 64.6ms postprocess per image at shape (1, 3, 640, 640)
[Inference] Got 18 detections.

0: 640x640 16 class1s, 233.2ms
Speed: 5.4ms preprocess, 233.2ms inference, 56.6ms postprocess per image at shape (1, 3, 640, 640)
[Inference] Got 16 detections.

0: 640x640 8 class1s, 237.0ms
Speed: 5.3ms preprocess, 237.0ms inference, 30.8ms postprocess per image at shape (1, 3, 640, 640)
[Inference] Got 8 detections.

0: 640x640 13 class1s, 235.8ms
Speed: 5.5ms preprocess, 235.8ms inference, 44.7ms postprocess per image at shape (1, 3, 640, 640)
[Inference] Got 13 detections.

0: 640x640 3 class1s, 237.3ms
Speed: 6.2ms preprocess, 237.3ms inference, 10.2ms postprocess per image at shape (1, 3, 640, 640)
[Inference] Got 3 detections.

0: 640x640 20 class1s, 247.6ms
Speed: 7.0ms preprocess, 247.6ms inference, 57.4ms postprocess per image at shape (1, 3, 640, 640)
[Inference] Got 20 detections.

0: 640x640 20 class1s, 236.7ms
Speed: 5.5ms preprocess, 236.7ms inference, 78.4ms postprocess per image at shape (1, 3, 640, 640)
[Inference] Got 20 detections.

0: 640x640 20 class1s, 245.2ms
Speed: 5.6ms preprocess, 245.2ms inference, 70.4ms postprocess per image at shape (1, 3, 640, 640)
[Inference] Got 20 detections.

0: 640x640 20 class1s, 244.4ms
Speed: 6.0ms preprocess, 244.4ms inference, 63.0ms postprocess per image at shape (1, 3, 640, 640)
[Inference] Got 20 detections.

0: 640x640 19 class1s, 235.8ms
Speed: 5.6ms preprocess, 235.8ms inference, 63.4ms postprocess per image at shape (1, 3, 640, 640)
[Inference] Got 19 detections.

0: 640x640 21 class1s, 236.1ms
Speed: 5.3ms preprocess, 236.1ms inference, 60.9ms postprocess per image at shape (1, 3, 640, 640)
[Inference] Got 21 detections.

0: 640x640 20 class1s, 242.9ms
Speed: 6.3ms preprocess, 242.9ms inference, 62.5ms postprocess per image at shape (1, 3, 640, 640)
[Inference] Got 20 detections.

0: 640x640 20 class1s, 237.0ms
Speed: 6.7ms preprocess, 237.0ms inference, 55.6ms postprocess per image at shape (1, 3, 640, 640)
[Inference] Got 20 detections.

0: 640x640 21 class1s, 228.2ms
Speed: 7.1ms preprocess, 228.2ms inference, 78.6ms postprocess per image at shape (1, 3, 640, 640)
[Inference] Got 21 detections.

0: 640x640 21 class1s, 233.1ms
Speed: 5.5ms preprocess, 233.1ms inference, 71.5ms postprocess per image at shape (1, 3, 640, 640)
[Inference] Got 21 detections.

0: 640x640 20 class1s, 227.8ms
Speed: 6.1ms preprocess, 227.8ms inference, 72.4ms postprocess per image at shape (1, 3, 640, 640)
[Inference] Got 20 detections.

0: 640x640 19 class1s, 233.3ms
Speed: 5.8ms preprocess, 233.3ms inference, 51.7ms postprocess per image at shape (1, 3, 640, 640)
[Inference] Got 19 detections.

0: 640x640 19 class1s, 234.1ms
Speed: 6.1ms preprocess, 234.1ms inference, 67.8ms postprocess per image at shape (1, 3, 640, 640)
[Inference] Got 19 detections.

0: 640x640 20 class1s, 226.7ms
Speed: 5.5ms preprocess, 226.7ms inference, 66.9ms postprocess per image at shape (1, 3, 640, 640)
[Inference] Got 20 detections.

0: 640x640 18 class1s, 246.9ms
Speed: 5.4ms preprocess, 246.9ms inference, 55.9ms postprocess per image at shape (1, 3, 640, 640)
[Inference] Got 18 detections.

0: 640x640 18 class1s, 233.7ms
Speed: 7.1ms preprocess, 233.7ms inference, 61.0ms postprocess per image at shape (1, 3, 640, 640)
[Inference] Got 18 detections.

0: 640x640 21 class1s, 238.0ms
Speed: 5.7ms preprocess, 238.0ms inference, 75.6ms postprocess per image at shape (1, 3, 640, 640)
[Inference] Got 21 detections.

0: 640x640 16 class1s, 229.9ms
Speed: 5.9ms preprocess, 229.9ms inference, 44.3ms postprocess per image at shape (1, 3, 640, 640)
[Inference] Got 16 detections.

0: 640x640 18 class1s, 231.6ms
Speed: 9.5ms preprocess, 231.6ms inference, 68.2ms postprocess per image at shape (1, 3, 640, 640)
[Inference] Got 18 detections.

0: 640x640 14 class1s, 234.2ms
Speed: 6.1ms preprocess, 234.2ms inference, 47.3ms postprocess per image at shape (1, 3, 640, 640)
[Inference] Got 14 detections.

0: 640x640 14 class1s, 231.4ms
Speed: 5.5ms preprocess, 231.4ms inference, 43.9ms postprocess per image at shape (1, 3, 640, 640)
[Inference] Got 14 detections.

0: 640x640 (no detections), 231.8ms
Speed: 5.6ms preprocess, 231.8ms inference, 3.2ms postprocess per image at shape (1, 3, 640, 640)
[Inference] Got 0 detections.

0: 640x640 (no detections), 246.0ms
Speed: 5.6ms preprocess, 246.0ms inference, 4.8ms postprocess per image at shape (1, 3, 640, 640)
[Inference] Got 0 detections.

0: 640x640 (no detections), 233.4ms
Speed: 5.7ms preprocess, 233.4ms inference, 2.9ms postprocess per image at shape (1, 3, 640, 640)
[Inference] Got 0 detections.

0: 640x640 (no detections), 243.5ms
Speed: 5.8ms preprocess, 243.5ms inference, 4.5ms postprocess per image at shape (1, 3, 640, 640)
[Inference] Got 0 detections.

0: 640x640 (no detections), 239.8ms
Speed: 6.2ms preprocess, 239.8ms inference, 3.1ms postprocess per image at shape (1, 3, 640, 640)
[Inference] Got 0 detections.

0: 640x640 (no detections), 248.1ms
Speed: 6.8ms preprocess, 248.1ms inference, 4.3ms postprocess per image at shape (1, 3, 640, 640)
[Inference] Got 0 detections.

0: 640x640 (no detections), 254.5ms
Speed: 6.6ms preprocess, 254.5ms inference, 3.5ms postprocess per image at shape (1, 3, 640, 640)
[Inference] Got 0 detections.

0: 640x640 13 class1s, 238.7ms
Speed: 5.9ms preprocess, 238.7ms inference, 46.9ms postprocess per image at shape (1, 3, 640, 640)
[Inference] Got 13 detections.

0: 640x640 8 class1s, 235.8ms
Speed: 5.8ms preprocess, 235.8ms inference, 36.7ms postprocess per image at shape (1, 3, 640, 640)
[Inference] Got 8 detections.

0: 640x640 1 class0, 27 class1s, 253.5ms
Speed: 8.0ms preprocess, 253.5ms inference, 80.2ms postprocess per image at shape (1, 3, 640, 640)
[Inference] Got 28 detections.

0: 640x640 10 class1s, 249.2ms
Speed: 5.6ms preprocess, 249.2ms inference, 41.4ms postprocess per image at shape (1, 3, 640, 640)
[Inference] Got 10 detections.

0: 640x640 2 class0s, 22 class1s, 240.6ms
Speed: 6.6ms preprocess, 240.6ms inference, 73.9ms postprocess per image at shape (1, 3, 640, 640)
[Inference] Got 24 detections.

0: 640x640 1 class0, 24 class1s, 236.2ms
Speed: 5.4ms preprocess, 236.2ms inference, 88.2ms postprocess per image at shape (1, 3, 640, 640)
[Inference] Got 25 detections.

0: 640x640 1 class0, 23 class1s, 241.5ms
Speed: 5.6ms preprocess, 241.5ms inference, 64.2ms postprocess per image at shape (1, 3, 640, 640)
[Inference] Got 24 detections.

0: 640x640 1 class0, 26 class1s, 230.7ms
Speed: 5.4ms preprocess, 230.7ms inference, 79.1ms postprocess per image at shape (1, 3, 640, 640)
[Inference] Got 27 detections.

0: 640x640 2 class0s, 24 class1s, 236.6ms
Speed: 5.4ms preprocess, 236.6ms inference, 92.9ms postprocess per image at shape (1, 3, 640, 640)
[Inference] Got 26 detections.

0: 640x640 2 class0s, 28 class1s, 229.7ms
Speed: 7.0ms preprocess, 229.7ms inference, 85.3ms postprocess per image at shape (1, 3, 640, 640)
[Inference] Got 30 detections.

0: 640x640 1 class0, 26 class1s, 231.6ms
Speed: 8.9ms preprocess, 231.6ms inference, 76.0ms postprocess per image at shape (1, 3, 640, 640)
[Inference] Got 27 detections.

0: 640x640 2 class0s, 25 class1s, 237.1ms
Speed: 6.1ms preprocess, 237.1ms inference, 73.3ms postprocess per image at shape (1, 3, 640, 640)
[Inference] Got 27 detections.

0: 640x640 2 class0s, 24 class1s, 230.0ms
Speed: 6.1ms preprocess, 230.0ms inference, 75.4ms postprocess per image at shape (1, 3, 640, 640)
[Inference] Got 26 detections.

0: 640x640 2 class0s, 24 class1s, 233.7ms
Speed: 8.9ms preprocess, 233.7ms inference, 70.6ms postprocess per image at shape (1, 3, 640, 640)
[Inference] Got 26 detections.

0: 640x640 2 class0s, 21 class1s, 240.3ms
Speed: 6.7ms preprocess, 240.3ms inference, 59.6ms postprocess per image at shape (1, 3, 640, 640)
[Inference] Got 23 detections.

0: 640x640 (no detections), 229.9ms
Speed: 5.4ms preprocess, 229.9ms inference, 2.7ms postprocess per image at shape (1, 3, 640, 640)
[Inference] Got 0 detections.

0: 640x640 (no detections), 231.9ms
Speed: 5.6ms preprocess, 231.9ms inference, 4.0ms postprocess per image at shape (1, 3, 640, 640)
[Inference] Got 0 detections.

0: 640x640 (no detections), 233.5ms
Speed: 7.1ms preprocess, 233.5ms inference, 2.9ms postprocess per image at shape (1, 3, 640, 640)
[Inference] Got 0 detections.

0: 640x640 (no detections), 233.0ms
Speed: 5.4ms preprocess, 233.0ms inference, 3.7ms postprocess per image at shape (1, 3, 640, 640)
[Inference] Got 0 detections.

0: 640x640 (no detections), 235.4ms
Speed: 6.7ms preprocess, 235.4ms inference, 3.3ms postprocess per image at shape (1, 3, 640, 640)
[Inference] Got 0 detections.

0: 640x640 (no detections), 232.7ms
Speed: 5.5ms preprocess, 232.7ms inference, 3.1ms postprocess per image at shape (1, 3, 640, 640)
[Inference] Got 0 detections.

0: 640x640 (no detections), 247.5ms
Speed: 6.6ms preprocess, 247.5ms inference, 4.3ms postprocess per image at shape (1, 3, 640, 640)
[Inference] Got 0 detections.

0: 640x640 (no detections), 236.5ms
Speed: 6.3ms preprocess, 236.5ms inference, 3.8ms postprocess per image at shape (1, 3, 640, 640)
[Inference] Got 0 detections.

0: 640x640 (no detections), 250.8ms
Speed: 7.2ms preprocess, 250.8ms inference, 5.0ms postprocess per image at shape (1, 3, 640, 640)
[Inference] Got 0 detections.

0: 640x640 (no detections), 241.3ms
Speed: 6.8ms preprocess, 241.3ms inference, 4.1ms postprocess per image at shape (1, 3, 640, 640)
[Inference] Got 0 detections.

0: 640x640 (no detections), 248.3ms
Speed: 5.6ms preprocess, 248.3ms inference, 3.1ms postprocess per image at shape (1, 3, 640, 640)
[Inference] Got 0 detections.

0: 640x640 (no detections), 251.4ms
Speed: 6.8ms preprocess, 251.4ms inference, 4.1ms postprocess per image at shape (1, 3, 640, 640)
[Inference] Got 0 detections.

0: 640x640 (no detections), 239.0ms
Speed: 6.4ms preprocess, 239.0ms inference, 3.2ms postprocess per image at shape (1, 3, 640, 640)
[Inference] Got 0 detections.

0: 640x640 (no detections), 241.2ms
Speed: 7.0ms preprocess, 241.2ms inference, 4.4ms postprocess per image at shape (1, 3, 640, 640)
[Inference] Got 0 detections.

0: 640x640 (no detections), 247.9ms
Speed: 6.3ms preprocess, 247.9ms inference, 4.8ms postprocess per image at shape (1, 3, 640, 640)
[Inference] Got 0 detections.

0: 640x640 (no detections), 230.4ms
Speed: 5.6ms preprocess, 230.4ms inference, 2.8ms postprocess per image at shape (1, 3, 640, 640)
[Inference] Got 0 detections.

0: 640x640 (no detections), 238.1ms
Speed: 5.6ms preprocess, 238.1ms inference, 5.0ms postprocess per image at shape (1, 3, 640, 640)
[Inference] Got 0 detections.

0: 640x640 (no detections), 229.4ms
Speed: 5.8ms preprocess, 229.4ms inference, 3.2ms postprocess per image at shape (1, 3, 640, 640)
[Inference] Got 0 detections.

0: 640x640 (no detections), 243.2ms
Speed: 5.9ms preprocess, 243.2ms inference, 4.1ms postprocess per image at shape (1, 3, 640, 640)
[Inference] Got 0 detections.

0: 640x640 (no detections), 228.2ms
Speed: 5.9ms preprocess, 228.2ms inference, 3.2ms postprocess per image at shape (1, 3, 640, 640)
[Inference] Got 0 detections.

0: 640x640 (no detections), 235.5ms
Speed: 6.4ms preprocess, 235.5ms inference, 4.8ms postprocess per image at shape (1, 3, 640, 640)
[Inference] Got 0 detections.

0: 640x640 (no detections), 228.1ms
Speed: 5.5ms preprocess, 228.1ms inference, 2.9ms postprocess per image at shape (1, 3, 640, 640)
[Inference] Got 0 detections.

0: 640x640 (no detections), 236.8ms
Speed: 5.6ms preprocess, 236.8ms inference, 2.8ms postprocess per image at shape (1, 3, 640, 640)
[Inference] Got 0 detections.

0: 640x640 (no detections), 226.6ms
Speed: 7.1ms preprocess, 226.6ms inference, 3.8ms postprocess per image at shape (1, 3, 640, 640)
[Inference] Got 0 detections.

0: 640x640 (no detections), 228.9ms
Speed: 5.4ms preprocess, 228.9ms inference, 2.6ms postprocess per image at shape (1, 3, 640, 640)
[Inference] Got 0 detections.

0: 640x640 (no detections), 229.8ms
Speed: 6.4ms preprocess, 229.8ms inference, 3.0ms postprocess per image at shape (1, 3, 640, 640)
[Inference] Got 0 detections.

0: 640x640 (no detections), 225.9ms
Speed: 5.6ms preprocess, 225.9ms inference, 2.7ms postprocess per image at shape (1, 3, 640, 640)
[Inference] Got 0 detections.

0: 640x640 (no detections), 228.8ms
Speed: 5.8ms preprocess, 228.8ms inference, 4.4ms postprocess per image at shape (1, 3, 640, 640)
[Inference] Got 0 detections.

0: 640x640 (no detections), 228.8ms
Speed: 5.4ms preprocess, 228.8ms inference, 2.9ms postprocess per image at shape (1, 3, 640, 640)
[Inference] Got 0 detections.

0: 640x640 (no detections), 295.9ms
Speed: 7.0ms preprocess, 295.9ms inference, 4.4ms postprocess per image at shape (1, 3, 640, 640)
[Inference] Got 0 detections.

0: 640x640 (no detections), 273.0ms
Speed: 7.8ms preprocess, 273.0ms inference, 4.6ms postprocess per image at shape (1, 3, 640, 640)
[Inference] Got 0 detections.

0: 640x640 (no detections), 243.6ms
Speed: 6.7ms preprocess, 243.6ms inference, 3.9ms postprocess per image at shape (1, 3, 640, 640)
[Inference] Got 0 detections.

0: 640x640 (no detections), 224.8ms
Speed: 5.4ms preprocess, 224.8ms inference, 3.3ms postprocess per image at shape (1, 3, 640, 640)
[Inference] Got 0 detections.

0: 640x640 (no detections), 234.0ms
Speed: 5.5ms preprocess, 234.0ms inference, 2.9ms postprocess per image at shape (1, 3, 640, 640)
[Inference] Got 0 detections.

0: 640x640 (no detections), 239.5ms
Speed: 6.3ms preprocess, 239.5ms inference, 4.3ms postprocess per image at shape (1, 3, 640, 640)
[Inference] Got 0 detections.

0: 640x640 (no detections), 235.9ms
Speed: 6.1ms preprocess, 235.9ms inference, 3.1ms postprocess per image at shape (1, 3, 640, 640)
[Inference] Got 0 detections.

0: 640x640 (no detections), 230.2ms
Speed: 7.1ms preprocess, 230.2ms inference, 3.0ms postprocess per image at shape (1, 3, 640, 640)
[Inference] Got 0 detections.

0: 640x640 (no detections), 232.3ms
Speed: 5.4ms preprocess, 232.3ms inference, 4.1ms postprocess per image at shape (1, 3, 640, 640)
[Inference] Got 0 detections.

0: 640x640 (no detections), 246.4ms
Speed: 8.3ms preprocess, 246.4ms inference, 3.3ms postprocess per image at shape (1, 3, 640, 640)
[Inference] Got 0 detections.

0: 640x640 (no detections), 242.6ms
Speed: 5.4ms preprocess, 242.6ms inference, 3.8ms postprocess per image at shape (1, 3, 640, 640)
[Inference] Got 0 detections.

0: 640x640 (no detections), 233.6ms
Speed: 5.5ms preprocess, 233.6ms inference, 3.2ms postprocess per image at shape (1, 3, 640, 640)
[Inference] Got 0 detections.

0: 640x640 (no detections), 241.7ms
Speed: 6.6ms preprocess, 241.7ms inference, 4.3ms postprocess per image at shape (1, 3, 640, 640)
[Inference] Got 0 detections.

0: 640x640 (no detections), 239.0ms
Speed: 6.2ms preprocess, 239.0ms inference, 3.5ms postprocess per image at shape (1, 3, 640, 640)
[Inference] Got 0 detections.

0: 640x640 (no detections), 243.1ms
Speed: 5.8ms preprocess, 243.1ms inference, 3.7ms postprocess per image at shape (1, 3, 640, 640)
[Inference] Got 0 detections.

0: 640x640 (no detections), 235.1ms
Speed: 5.4ms preprocess, 235.1ms inference, 3.2ms postprocess per image at shape (1, 3, 640, 640)
[Inference] Got 0 detections.

0: 640x640 (no detections), 242.3ms
Speed: 5.9ms preprocess, 242.3ms inference, 3.5ms postprocess per image at shape (1, 3, 640, 640)
[Inference] Got 0 detections.

0: 640x640 (no detections), 239.6ms
Speed: 5.7ms preprocess, 239.6ms inference, 2.7ms postprocess per image at shape (1, 3, 640, 640)
[Inference] Got 0 detections.

0: 640x640 (no detections), 240.7ms
Speed: 6.5ms preprocess, 240.7ms inference, 4.1ms postprocess per image at shape (1, 3, 640, 640)
[Inference] Got 0 detections.

0: 640x640 (no detections), 234.2ms
Speed: 6.4ms preprocess, 234.2ms inference, 2.9ms postprocess per image at shape (1, 3, 640, 640)
[Inference] Got 0 detections.

0: 640x640 (no detections), 236.2ms
Speed: 6.3ms preprocess, 236.2ms inference, 3.1ms postprocess per image at shape (1, 3, 640, 640)
[Inference] Got 0 detections.

0: 640x640 (no detections), 237.7ms
Speed: 6.0ms preprocess, 237.7ms inference, 2.8ms postprocess per image at shape (1, 3, 640, 640)
[Inference] Got 0 detections.

0: 640x640 (no detections), 236.0ms
Speed: 6.4ms preprocess, 236.0ms inference, 4.7ms postprocess per image at shape (1, 3, 640, 640)
[Inference] Got 0 detections.

0: 640x640 (no detections), 236.5ms
Speed: 6.3ms preprocess, 236.5ms inference, 3.6ms postprocess per image at shape (1, 3, 640, 640)
[Inference] Got 0 detections.

0: 640x640 (no detections), 238.5ms
Speed: 6.6ms preprocess, 238.5ms inference, 3.8ms postprocess per image at shape (1, 3, 640, 640)
[Inference] Got 0 detections.

0: 640x640 (no detections), 236.4ms
Speed: 5.4ms preprocess, 236.4ms inference, 3.3ms postprocess per image at shape (1, 3, 640, 640)
[Inference] Got 0 detections.

0: 640x640 (no detections), 233.4ms
Speed: 6.7ms preprocess, 233.4ms inference, 4.1ms postprocess per image at shape (1, 3, 640, 640)
[Inference] Got 0 detections.

0: 640x640 (no detections), 229.9ms
Speed: 5.4ms preprocess, 229.9ms inference, 2.7ms postprocess per image at shape (1, 3, 640, 640)
[Inference] Got 0 detections.

0: 640x640 (no detections), 235.2ms
Speed: 6.2ms preprocess, 235.2ms inference, 3.3ms postprocess per image at shape (1, 3, 640, 640)
[Inference] Got 0 detections.

0: 640x640 (no detections), 237.1ms
Speed: 5.5ms preprocess, 237.1ms inference, 2.7ms postprocess per image at shape (1, 3, 640, 640)
[Inference] Got 0 detections.

0: 640x640 (no detections), 237.1ms
Speed: 5.7ms preprocess, 237.1ms inference, 4.2ms postprocess per image at shape (1, 3, 640, 640)
[Inference] Got 0 detections.

0: 640x640 (no detections), 229.3ms
Speed: 5.7ms preprocess, 229.3ms inference, 3.1ms postprocess per image at shape (1, 3, 640, 640)
[Inference] Got 0 detections.

0: 640x640 (no detections), 235.8ms
Speed: 5.8ms preprocess, 235.8ms inference, 4.3ms postprocess per image at shape (1, 3, 640, 640)
[Inference] Got 0 detections.

0: 640x640 (no detections), 233.2ms
Speed: 5.5ms preprocess, 233.2ms inference, 3.2ms postprocess per image at shape (1, 3, 640, 640)
[Inference] Got 0 detections.

0: 640x640 (no detections), 236.9ms
Speed: 5.9ms preprocess, 236.9ms inference, 4.8ms postprocess per image at shape (1, 3, 640, 640)
[Inference] Got 0 detections.

0: 640x640 (no detections), 228.9ms
Speed: 5.8ms preprocess, 228.9ms inference, 3.1ms postprocess per image at shape (1, 3, 640, 640)
[Inference] Got 0 detections.

0: 640x640 (no detections), 235.0ms
Speed: 5.8ms preprocess, 235.0ms inference, 3.7ms postprocess per image at shape (1, 3, 640, 640)
[Inference] Got 0 detections.

0: 640x640 (no detections), 233.6ms
Speed: 5.4ms preprocess, 233.6ms inference, 3.0ms postprocess per image at shape (1, 3, 640, 640)
[Inference] Got 0 detections.

0: 640x640 (no detections), 236.5ms
Speed: 5.9ms preprocess, 236.5ms inference, 4.2ms postprocess per image at shape (1, 3, 640, 640)
[Inference] Got 0 detections.

0: 640x640 (no detections), 230.9ms
Speed: 5.9ms preprocess, 230.9ms inference, 2.6ms postprocess per image at shape (1, 3, 640, 640)
[Inference] Got 0 detections.

0: 640x640 (no detections), 237.3ms
Speed: 5.4ms preprocess, 237.3ms inference, 3.4ms postprocess per image at shape (1, 3, 640, 640)
[Inference] Got 0 detections.

0: 640x640 (no detections), 242.5ms
Speed: 6.5ms preprocess, 242.5ms inference, 3.6ms postprocess per image at shape (1, 3, 640, 640)
[Inference] Got 0 detections.

0: 640x640 (no detections), 238.7ms
Speed: 6.9ms preprocess, 238.7ms inference, 2.7ms postprocess per image at shape (1, 3, 640, 640)
[Inference] Got 0 detections.

0: 640x640 (no detections), 244.7ms
Speed: 6.5ms preprocess, 244.7ms inference, 3.3ms postprocess per image at shape (1, 3, 640, 640)
[Inference] Got 0 detections.

0: 640x640 (no detections), 246.3ms
Speed: 5.7ms preprocess, 246.3ms inference, 5.0ms postprocess per image at shape (1, 3, 640, 640)
[Inference] Got 0 detections.

0: 640x640 (no detections), 241.5ms
Speed: 5.6ms preprocess, 241.5ms inference, 2.8ms postprocess per image at shape (1, 3, 640, 640)
[Inference] Got 0 detections.

0: 640x640 (no detections), 241.7ms
Speed: 8.0ms preprocess, 241.7ms inference, 3.9ms postprocess per image at shape (1, 3, 640, 640)
[Inference] Got 0 detections.

0: 640x640 (no detections), 236.7ms
Speed: 5.5ms preprocess, 236.7ms inference, 3.0ms postprocess per image at shape (1, 3, 640, 640)
[Inference] Got 0 detections.

0: 640x640 (no detections), 240.0ms
Speed: 6.7ms preprocess, 240.0ms inference, 5.0ms postprocess per image at shape (1, 3, 640, 640)
[Inference] Got 0 detections.

0: 640x640 (no detections), 246.1ms
Speed: 5.5ms preprocess, 246.1ms inference, 2.9ms postprocess per image at shape (1, 3, 640, 640)
[Inference] Got 0 detections.

0: 640x640 (no detections), 230.7ms
Speed: 6.9ms preprocess, 230.7ms inference, 3.6ms postprocess per image at shape (1, 3, 640, 640)
[Inference] Got 0 detections.

0: 640x640 (no detections), 236.4ms
Speed: 5.9ms preprocess, 236.4ms inference, 3.9ms postprocess per image at shape (1, 3, 640, 640)
[Inference] Got 0 detections.

0: 640x640 (no detections), 229.2ms
Speed: 7.2ms preprocess, 229.2ms inference, 3.8ms postprocess per image at shape (1, 3, 640, 640)
[Inference] Got 0 detections.

0: 640x640 (no detections), 242.9ms
Speed: 5.4ms preprocess, 242.9ms inference, 3.7ms postprocess per image at shape (1, 3, 640, 640)
[Inference] Got 0 detections.

0: 640x640 (no detections), 227.2ms
Speed: 7.0ms preprocess, 227.2ms inference, 4.9ms postprocess per image at shape (1, 3, 640, 640)
[Inference] Got 0 detections.

0: 640x640 (no detections), 231.8ms
Speed: 5.5ms preprocess, 231.8ms inference, 3.4ms postprocess per image at shape (1, 3, 640, 640)
[Inference] Got 0 detections.

0: 640x640 (no detections), 235.1ms
Speed: 6.9ms preprocess, 235.1ms inference, 4.2ms postprocess per image at shape (1, 3, 640, 640)
[Inference] Got 0 detections.

0: 640x640 (no detections), 236.7ms
Speed: 5.4ms preprocess, 236.7ms inference, 3.3ms postprocess per image at shape (1, 3, 640, 640)
[Inference] Got 0 detections.

0: 640x640 (no detections), 230.5ms
Speed: 6.7ms preprocess, 230.5ms inference, 4.4ms postprocess per image at shape (1, 3, 640, 640)
[Inference] Got 0 detections.

0: 640x640 (no detections), 224.7ms
Speed: 5.9ms preprocess, 224.7ms inference, 2.7ms postprocess per image at shape (1, 3, 640, 640)
[Inference] Got 0 detections.

0: 640x640 (no detections), 231.9ms
Speed: 5.6ms preprocess, 231.9ms inference, 4.5ms postprocess per image at shape (1, 3, 640, 640)
[Inference] Got 0 detections.

0: 640x640 (no detections), 225.4ms
Speed: 5.5ms preprocess, 225.4ms inference, 3.4ms postprocess per image at shape (1, 3, 640, 640)
[Inference] Got 0 detections.

0: 640x640 (no detections), 227.2ms
Speed: 6.4ms preprocess, 227.2ms inference, 2.8ms postprocess per image at shape (1, 3, 640, 640)
[Inference] Got 0 detections.

0: 640x640 (no detections), 220.6ms
Speed: 7.0ms preprocess, 220.6ms inference, 3.4ms postprocess per image at shape (1, 3, 640, 640)
[Inference] Got 0 detections.

0: 640x640 (no detections), 224.0ms
Speed: 6.0ms preprocess, 224.0ms inference, 2.8ms postprocess per image at shape (1, 3, 640, 640)
[Inference] Got 0 detections.

0: 640x640 (no detections), 229.8ms
Speed: 5.7ms preprocess, 229.8ms inference, 5.8ms postprocess per image at shape (1, 3, 640, 640)
[Inference] Got 0 detections.

0: 640x640 (no detections), 228.8ms
Speed: 6.5ms preprocess, 228.8ms inference, 2.9ms postprocess per image at shape (1, 3, 640, 640)
[Inference] Got 0 detections.

0: 640x640 (no detections), 244.2ms
Speed: 6.4ms preprocess, 244.2ms inference, 4.8ms postprocess per image at shape (1, 3, 640, 640)
[Inference] Got 0 detections.

0: 640x640 (no detections), 223.7ms
Speed: 5.8ms preprocess, 223.7ms inference, 2.7ms postprocess per image at shape (1, 3, 640, 640)
[Inference] Got 0 detections.

0: 640x640 (no detections), 228.6ms
Speed: 5.5ms preprocess, 228.6ms inference, 2.8ms postprocess per image at shape (1, 3, 640, 640)
[Inference] Got 0 detections.

0: 640x640 (no detections), 235.2ms
Speed: 6.5ms preprocess, 235.2ms inference, 4.8ms postprocess per image at shape (1, 3, 640, 640)
[Inference] Got 0 detections.

0: 640x640 (no detections), 227.7ms
Speed: 5.5ms preprocess, 227.7ms inference, 2.6ms postprocess per image at shape (1, 3, 640, 640)
[Inference] Got 0 detections.

0: 640x640 (no detections), 235.3ms
Speed: 6.3ms preprocess, 235.3ms inference, 3.8ms postprocess per image at shape (1, 3, 640, 640)
[Inference] Got 0 detections.

0: 640x640 (no detections), 228.6ms
Speed: 5.5ms preprocess, 228.6ms inference, 2.8ms postprocess per image at shape (1, 3, 640, 640)
[Inference] Got 0 detections.

0: 640x640 (no detections), 240.4ms
Speed: 5.7ms preprocess, 240.4ms inference, 4.6ms postprocess per image at shape (1, 3, 640, 640)
[Inference] Got 0 detections.

0: 640x640 (no detections), 231.2ms
Speed: 6.2ms preprocess, 231.2ms inference, 3.0ms postprocess per image at shape (1, 3, 640, 640)
[Inference] Got 0 detections.

0: 640x640 (no detections), 238.3ms
Speed: 5.6ms preprocess, 238.3ms inference, 4.3ms postprocess per image at shape (1, 3, 640, 640)
[Inference] Got 0 detections.

0: 640x640 (no detections), 229.9ms
Speed: 5.4ms preprocess, 229.9ms inference, 3.0ms postprocess per image at shape (1, 3, 640, 640)
[Inference] Got 0 detections.

0: 640x640 (no detections), 243.2ms
Speed: 5.7ms preprocess, 243.2ms inference, 3.0ms postprocess per image at shape (1, 3, 640, 640)
[Inference] Got 0 detections.

0: 640x640 (no detections), 229.9ms
Speed: 5.5ms preprocess, 229.9ms inference, 3.4ms postprocess per image at shape (1, 3, 640, 640)
[Inference] Got 0 detections.

0: 640x640 (no detections), 236.3ms
Speed: 5.8ms preprocess, 236.3ms inference, 4.7ms postprocess per image at shape (1, 3, 640, 640)
[Inference] Got 0 detections.

0: 640x640 (no detections), 228.5ms
Speed: 5.6ms preprocess, 228.5ms inference, 2.7ms postprocess per image at shape (1, 3, 640, 640)
[Inference] Got 0 detections.

0: 640x640 (no detections), 238.9ms
Speed: 7.5ms preprocess, 238.9ms inference, 4.0ms postprocess per image at shape (1, 3, 640, 640)
[Inference] Got 0 detections.

0: 640x640 (no detections), 227.1ms
Speed: 6.8ms preprocess, 227.1ms inference, 3.1ms postprocess per image at shape (1, 3, 640, 640)
[Inference] Got 0 detections.

0: 640x640 (no detections), 233.2ms
Speed: 5.5ms preprocess, 233.2ms inference, 2.7ms postprocess per image at shape (1, 3, 640, 640)
[Inference] Got 0 detections.

0: 640x640 (no detections), 233.9ms
Speed: 6.6ms preprocess, 233.9ms inference, 4.1ms postprocess per image at shape (1, 3, 640, 640)
[Inference] Got 0 detections.

0: 640x640 (no detections), 233.5ms
Speed: 6.2ms preprocess, 233.5ms inference, 2.8ms postprocess per image at shape (1, 3, 640, 640)
[Inference] Got 0 detections.

0: 640x640 (no detections), 229.3ms
Speed: 6.4ms preprocess, 229.3ms inference, 4.9ms postprocess per image at shape (1, 3, 640, 640)
[Inference] Got 0 detections.

0: 640x640 (no detections), 227.7ms
Speed: 5.5ms preprocess, 227.7ms inference, 2.9ms postprocess per image at shape (1, 3, 640, 640)
[Inference] Got 0 detections.

0: 640x640 (no detections), 232.6ms
Speed: 5.9ms preprocess, 232.6ms inference, 4.8ms postprocess per image at shape (1, 3, 640, 640)
[Inference] Got 0 detections.

0: 640x640 (no detections), 229.5ms
Speed: 5.4ms preprocess, 229.5ms inference, 2.9ms postprocess per image at shape (1, 3, 640, 640)
[Inference] Got 0 detections.

0: 640x640 (no detections), 229.8ms
Speed: 5.6ms preprocess, 229.8ms inference, 3.5ms postprocess per image at shape (1, 3, 640, 640)
[Inference] Got 0 detections.

0: 640x640 (no detections), 224.8ms
Speed: 5.5ms preprocess, 224.8ms inference, 2.6ms postprocess per image at shape (1, 3, 640, 640)
[Inference] Got 0 detections.

0: 640x640 (no detections), 234.5ms
Speed: 5.6ms preprocess, 234.5ms inference, 3.2ms postprocess per image at shape (1, 3, 640, 640)
[Inference] Got 0 detections.

0: 640x640 (no detections), 231.8ms
Speed: 7.1ms preprocess, 231.8ms inference, 4.2ms postprocess per image at shape (1, 3, 640, 640)
[Inference] Got 0 detections.

0: 640x640 (no detections), 230.8ms
Speed: 6.1ms preprocess, 230.8ms inference, 2.5ms postprocess per image at shape (1, 3, 640, 640)
[Inference] Got 0 detections.

0: 640x640 (no detections), 235.0ms
Speed: 7.1ms preprocess, 235.0ms inference, 2.9ms postprocess per image at shape (1, 3, 640, 640)
[Inference] Got 0 detections.

0: 640x640 (no detections), 230.7ms
Speed: 5.5ms preprocess, 230.7ms inference, 2.9ms postprocess per image at shape (1, 3, 640, 640)
[Inference] Got 0 detections.

0: 640x640 (no detections), 241.1ms
Speed: 6.1ms preprocess, 241.1ms inference, 2.9ms postprocess per image at shape (1, 3, 640, 640)
[Inference] Got 0 detections.

0: 640x640 (no detections), 231.1ms
Speed: 5.6ms preprocess, 231.1ms inference, 3.0ms postprocess per image at shape (1, 3, 640, 640)
[Inference] Got 0 detections.

0: 640x640 (no detections), 239.2ms
Speed: 5.7ms preprocess, 239.2ms inference, 4.5ms postprocess per image at shape (1, 3, 640, 640)
[Inference] Got 0 detections.

0: 640x640 (no detections), 231.1ms
Speed: 6.6ms preprocess, 231.1ms inference, 2.6ms postprocess per image at shape (1, 3, 640, 640)
[Inference] Got 0 detections.

0: 640x640 (no detections), 244.1ms
Speed: 5.6ms preprocess, 244.1ms inference, 4.5ms postprocess per image at shape (1, 3, 640, 640)
[Inference] Got 0 detections.

0: 640x640 (no detections), 232.9ms
Speed: 5.9ms preprocess, 232.9ms inference, 3.2ms postprocess per image at shape (1, 3, 640, 640)
[Inference] Got 0 detections.

0: 640x640 (no detections), 240.2ms
Speed: 6.2ms preprocess, 240.2ms inference, 3.1ms postprocess per image at shape (1, 3, 640, 640)
[Inference] Got 0 detections.

0: 640x640 (no detections), 234.7ms
Speed: 5.9ms preprocess, 234.7ms inference, 3.3ms postprocess per image at shape (1, 3, 640, 640)
[Inference] Got 0 detections.

0: 640x640 (no detections), 246.9ms
Speed: 6.7ms preprocess, 246.9ms inference, 3.1ms postprocess per image at shape (1, 3, 640, 640)
[Inference] Got 0 detections.

0: 640x640 (no detections), 242.4ms
Speed: 5.4ms preprocess, 242.4ms inference, 3.7ms postprocess per image at shape (1, 3, 640, 640)
[Inference] Got 0 detections.

0: 640x640 (no detections), 242.2ms
Speed: 7.6ms preprocess, 242.2ms inference, 2.5ms postprocess per image at shape (1, 3, 640, 640)
[Inference] Got 0 detections.

0: 640x640 (no detections), 245.8ms
Speed: 5.9ms preprocess, 245.8ms inference, 3.0ms postprocess per image at shape (1, 3, 640, 640)
[Inference] Got 0 detections.

0: 640x640 (no detections), 242.1ms
Speed: 7.0ms preprocess, 242.1ms inference, 2.9ms postprocess per image at shape (1, 3, 640, 640)
[Inference] Got 0 detections.

0: 640x640 (no detections), 254.6ms
Speed: 5.8ms preprocess, 254.6ms inference, 2.7ms postprocess per image at shape (1, 3, 640, 640)
[Inference] Got 0 detections.

0: 640x640 (no detections), 238.0ms
Speed: 5.5ms preprocess, 238.0ms inference, 2.5ms postprocess per image at shape (1, 3, 640, 640)
[Inference] Got 0 detections.

0: 640x640 (no detections), 245.5ms
Speed: 6.9ms preprocess, 245.5ms inference, 4.0ms postprocess per image at shape (1, 3, 640, 640)
[Inference] Got 0 detections.

0: 640x640 (no detections), 246.3ms
Speed: 6.7ms preprocess, 246.3ms inference, 4.0ms postprocess per image at shape (1, 3, 640, 640)
[Inference] Got 0 detections.

0: 640x640 (no detections), 232.0ms
Speed: 5.5ms preprocess, 232.0ms inference, 3.0ms postprocess per image at shape (1, 3, 640, 640)
[Inference] Got 0 detections.

0: 640x640 (no detections), 235.2ms
Speed: 5.5ms preprocess, 235.2ms inference, 6.4ms postprocess per image at shape (1, 3, 640, 640)
[Inference] Got 0 detections.

0: 640x640 (no detections), 231.7ms
Speed: 6.2ms preprocess, 231.7ms inference, 2.7ms postprocess per image at shape (1, 3, 640, 640)
[Inference] Got 0 detections.

0: 640x640 (no detections), 243.2ms
Speed: 5.5ms preprocess, 243.2ms inference, 2.7ms postprocess per image at shape (1, 3, 640, 640)
[Inference] Got 0 detections.

0: 640x640 (no detections), 235.2ms
Speed: 7.0ms preprocess, 235.2ms inference, 3.6ms postprocess per image at shape (1, 3, 640, 640)
[Inference] Got 0 detections.

0: 640x640 (no detections), 233.8ms
Speed: 5.4ms preprocess, 233.8ms inference, 7.5ms postprocess per image at shape (1, 3, 640, 640)
[Inference] Got 0 detections.

0: 640x640 (no detections), 229.1ms
Speed: 5.6ms preprocess, 229.1ms inference, 3.1ms postprocess per image at shape (1, 3, 640, 640)
[Inference] Got 0 detections.

0: 640x640 (no detections), 238.4ms
Speed: 6.0ms preprocess, 238.4ms inference, 6.8ms postprocess per image at shape (1, 3, 640, 640)
[Inference] Got 0 detections.

0: 640x640 (no detections), 228.3ms
Speed: 5.8ms preprocess, 228.3ms inference, 3.0ms postprocess per image at shape (1, 3, 640, 640)
[Inference] Got 0 detections.

0: 640x640 (no detections), 234.4ms
Speed: 6.5ms preprocess, 234.4ms inference, 3.4ms postprocess per image at shape (1, 3, 640, 640)
[Inference] Got 0 detections.

0: 640x640 (no detections), 239.7ms
Speed: 6.7ms preprocess, 239.7ms inference, 4.3ms postprocess per image at shape (1, 3, 640, 640)
[Inference] Got 0 detections.

0: 640x640 (no detections), 240.4ms
Speed: 6.2ms preprocess, 240.4ms inference, 5.2ms postprocess per image at shape (1, 3, 640, 640)
[Inference] Got 0 detections.

0: 640x640 (no detections), 225.6ms
Speed: 6.6ms preprocess, 225.6ms inference, 3.9ms postprocess per image at shape (1, 3, 640, 640)
[Inference] Got 0 detections.

0: 640x640 (no detections), 231.0ms
Speed: 6.3ms preprocess, 231.0ms inference, 3.8ms postprocess per image at shape (1, 3, 640, 640)
[Inference] Got 0 detections.

0: 640x640 (no detections), 234.6ms
Speed: 6.7ms preprocess, 234.6ms inference, 4.5ms postprocess per image at shape (1, 3, 640, 640)
[Inference] Got 0 detections.

0: 640x640 (no detections), 241.3ms
Speed: 6.4ms preprocess, 241.3ms inference, 3.4ms postprocess per image at shape (1, 3, 640, 640)
[Inference] Got 0 detections.

0: 640x640 (no detections), 240.4ms
Speed: 7.3ms preprocess, 240.4ms inference, 3.4ms postprocess per image at shape (1, 3, 640, 640)
[Inference] Got 0 detections.

0: 640x640 (no detections), 235.0ms
Speed: 5.6ms preprocess, 235.0ms inference, 3.6ms postprocess per image at shape (1, 3, 640, 640)
[Inference] Got 0 detections.

0: 640x640 (no detections), 231.4ms
Speed: 7.6ms preprocess, 231.4ms inference, 2.9ms postprocess per image at shape (1, 3, 640, 640)
[Inference] Got 0 detections.

0: 640x640 (no detections), 240.5ms
Speed: 5.7ms preprocess, 240.5ms inference, 5.1ms postprocess per image at shape (1, 3, 640, 640)
[Inference] Got 0 detections.

0: 640x640 (no detections), 232.2ms
Speed: 6.0ms preprocess, 232.2ms inference, 3.1ms postprocess per image at shape (1, 3, 640, 640)
[Inference] Got 0 detections.

0: 640x640 (no detections), 238.0ms
Speed: 5.5ms preprocess, 238.0ms inference, 3.7ms postprocess per image at shape (1, 3, 640, 640)
[Inference] Got 0 detections.

0: 640x640 (no detections), 247.1ms
Speed: 7.4ms preprocess, 247.1ms inference, 3.1ms postprocess per image at shape (1, 3, 640, 640)
[Inference] Got 0 detections.

0: 640x640 (no detections), 246.1ms
Speed: 5.9ms preprocess, 246.1ms inference, 3.6ms postprocess per image at shape (1, 3, 640, 640)
[Inference] Got 0 detections.

0: 640x640 (no detections), 237.8ms
Speed: 5.9ms preprocess, 237.8ms inference, 2.6ms postprocess per image at shape (1, 3, 640, 640)
[Inference] Got 0 detections.

0: 640x640 (no detections), 244.3ms
Speed: 5.8ms preprocess, 244.3ms inference, 4.4ms postprocess per image at shape (1, 3, 640, 640)
[Inference] Got 0 detections.

0: 640x640 (no detections), 236.6ms
Speed: 6.3ms preprocess, 236.6ms inference, 2.5ms postprocess per image at shape (1, 3, 640, 640)
[Inference] Got 0 detections.

0: 640x640 (no detections), 248.9ms
Speed: 6.7ms preprocess, 248.9ms inference, 4.0ms postprocess per image at shape (1, 3, 640, 640)
[Inference] Got 0 detections.

0: 640x640 (no detections), 240.5ms
Speed: 6.7ms preprocess, 240.5ms inference, 6.5ms postprocess per image at shape (1, 3, 640, 640)
[Inference] Got 0 detections.

0: 640x640 (no detections), 236.7ms
Speed: 6.3ms preprocess, 236.7ms inference, 3.1ms postprocess per image at shape (1, 3, 640, 640)
[Inference] Got 0 detections.

0: 640x640 (no detections), 240.4ms
Speed: 5.7ms preprocess, 240.4ms inference, 5.3ms postprocess per image at shape (1, 3, 640, 640)
[Inference] Got 0 detections.

0: 640x640 (no detections), 236.8ms
Speed: 5.7ms preprocess, 236.8ms inference, 2.7ms postprocess per image at shape (1, 3, 640, 640)
[Inference] Got 0 detections.

0: 640x640 (no detections), 239.8ms
Speed: 5.9ms preprocess, 239.8ms inference, 6.0ms postprocess per image at shape (1, 3, 640, 640)
[Inference] Got 0 detections.

0: 640x640 (no detections), 229.6ms
Speed: 5.9ms preprocess, 229.6ms inference, 3.6ms postprocess per image at shape (1, 3, 640, 640)
[Inference] Got 0 detections.

0: 640x640 (no detections), 237.1ms
Speed: 6.1ms preprocess, 237.1ms inference, 4.6ms postprocess per image at shape (1, 3, 640, 640)
[Inference] Got 0 detections.

0: 640x640 (no detections), 233.8ms
Speed: 6.8ms preprocess, 233.8ms inference, 3.0ms postprocess per image at shape (1, 3, 640, 640)
[Inference] Got 0 detections.

0: 640x640 (no detections), 238.8ms
Speed: 6.0ms preprocess, 238.8ms inference, 6.1ms postprocess per image at shape (1, 3, 640, 640)
[Inference] Got 0 detections.

0: 640x640 (no detections), 228.8ms
Speed: 6.2ms preprocess, 228.8ms inference, 4.1ms postprocess per image at shape (1, 3, 640, 640)
[Inference] Got 0 detections.

0: 640x640 (no detections), 232.6ms
Speed: 6.4ms preprocess, 232.6ms inference, 3.1ms postprocess per image at shape (1, 3, 640, 640)
[Inference] Got 0 detections.

0: 640x640 (no detections), 235.2ms
Speed: 7.1ms preprocess, 235.2ms inference, 4.2ms postprocess per image at shape (1, 3, 640, 640)
[Inference] Got 0 detections.

0: 640x640 (no detections), 252.5ms
Speed: 5.4ms preprocess, 252.5ms inference, 3.8ms postprocess per image at shape (1, 3, 640, 640)
[Inference] Got 0 detections.

0: 640x640 (no detections), 231.1ms
Speed: 5.8ms preprocess, 231.1ms inference, 3.2ms postprocess per image at shape (1, 3, 640, 640)
[Inference] Got 0 detections.

0: 640x640 (no detections), 234.6ms
Speed: 5.8ms preprocess, 234.6ms inference, 6.0ms postprocess per image at shape (1, 3, 640, 640)
[Inference] Got 0 detections.

0: 640x640 (no detections), 232.3ms
Speed: 6.0ms preprocess, 232.3ms inference, 2.8ms postprocess per image at shape (1, 3, 640, 640)
[Inference] Got 0 detections.

0: 640x640 (no detections), 233.7ms
Speed: 5.9ms preprocess, 233.7ms inference, 2.9ms postprocess per image at shape (1, 3, 640, 640)
[Inference] Got 0 detections.

0: 640x640 (no detections), 229.2ms
Speed: 7.1ms preprocess, 229.2ms inference, 4.1ms postprocess per image at shape (1, 3, 640, 640)
[Inference] Got 0 detections.

0: 640x640 (no detections), 233.7ms
Speed: 6.0ms preprocess, 233.7ms inference, 2.8ms postprocess per image at shape (1, 3, 640, 640)
[Inference] Got 0 detections.

0: 640x640 (no detections), 236.6ms
Speed: 7.1ms preprocess, 236.6ms inference, 4.2ms postprocess per image at shape (1, 3, 640, 640)
[Inference] Got 0 detections.

0: 640x640 (no detections), 233.3ms
Speed: 5.9ms preprocess, 233.3ms inference, 3.3ms postprocess per image at shape (1, 3, 640, 640)
[Inference] Got 0 detections.

0: 640x640 (no detections), 241.9ms
Speed: 7.3ms preprocess, 241.9ms inference, 3.3ms postprocess per image at shape (1, 3, 640, 640)
[Inference] Got 0 detections.

0: 640x640 (no detections), 235.7ms
Speed: 6.2ms preprocess, 235.7ms inference, 4.4ms postprocess per image at shape (1, 3, 640, 640)
[Inference] Got 0 detections.

0: 640x640 (no detections), 239.5ms
Speed: 5.6ms preprocess, 239.5ms inference, 2.9ms postprocess per image at shape (1, 3, 640, 640)
[Inference] Got 0 detections.

0: 640x640 (no detections), 237.2ms
Speed: 5.9ms preprocess, 237.2ms inference, 3.8ms postprocess per image at shape (1, 3, 640, 640)
[Inference] Got 0 detections.

0: 640x640 (no detections), 232.4ms
Speed: 6.6ms preprocess, 232.4ms inference, 2.6ms postprocess per image at shape (1, 3, 640, 640)
[Inference] Got 0 detections.

0: 640x640 (no detections), 238.8ms
Speed: 6.4ms preprocess, 238.8ms inference, 6.5ms postprocess per image at shape (1, 3, 640, 640)
[Inference] Got 0 detections.

0: 640x640 (no detections), 230.5ms
Speed: 6.3ms preprocess, 230.5ms inference, 3.4ms postprocess per image at shape (1, 3, 640, 640)
[Inference] Got 0 detections.

0: 640x640 (no detections), 234.0ms
Speed: 6.5ms preprocess, 234.0ms inference, 4.0ms postprocess per image at shape (1, 3, 640, 640)
[Inference] Got 0 detections.

0: 640x640 (no detections), 229.4ms
Speed: 5.8ms preprocess, 229.4ms inference, 2.9ms postprocess per image at shape (1, 3, 640, 640)
[Inference] Got 0 detections.

0: 640x640 (no detections), 236.1ms
Speed: 6.0ms preprocess, 236.1ms inference, 3.0ms postprocess per image at shape (1, 3, 640, 640)
[Inference] Got 0 detections.

0: 640x640 (no detections), 237.8ms
Speed: 7.1ms preprocess, 237.8ms inference, 4.2ms postprocess per image at shape (1, 3, 640, 640)
[Inference] Got 0 detections.

0: 640x640 (no detections), 235.9ms
Speed: 5.6ms preprocess, 235.9ms inference, 3.3ms postprocess per image at shape (1, 3, 640, 640)
[Inference] Got 0 detections.

0: 640x640 (no detections), 229.8ms
Speed: 7.1ms preprocess, 229.8ms inference, 4.2ms postprocess per image at shape (1, 3, 640, 640)
[Inference] Got 0 detections.

0: 640x640 (no detections), 233.3ms
Speed: 6.8ms preprocess, 233.3ms inference, 3.5ms postprocess per image at shape (1, 3, 640, 640)
[Inference] Got 0 detections.

0: 640x640 (no detections), 239.0ms
Speed: 7.0ms preprocess, 239.0ms inference, 3.6ms postprocess per image at shape (1, 3, 640, 640)
[Inference] Got 0 detections.

0: 640x640 (no detections), 234.6ms
Speed: 6.1ms preprocess, 234.6ms inference, 2.7ms postprocess per image at shape (1, 3, 640, 640)
[Inference] Got 0 detections.

0: 640x640 (no detections), 231.2ms
Speed: 6.7ms preprocess, 231.2ms inference, 2.9ms postprocess per image at shape (1, 3, 640, 640)
[Inference] Got 0 detections.

0: 640x640 (no detections), 228.4ms
Speed: 5.4ms preprocess, 228.4ms inference, 2.6ms postprocess per image at shape (1, 3, 640, 640)
[Inference] Got 0 detections.

0: 640x640 (no detections), 238.2ms
Speed: 6.3ms preprocess, 238.2ms inference, 3.8ms postprocess per image at shape (1, 3, 640, 640)
[Inference] Got 0 detections.

0: 640x640 (no detections), 228.4ms
Speed: 6.2ms preprocess, 228.4ms inference, 2.6ms postprocess per image at shape (1, 3, 640, 640)
[Inference] Got 0 detections.

0: 640x640 1 class1, 234.9ms
Speed: 5.6ms preprocess, 234.9ms inference, 13.3ms postprocess per image at shape (1, 3, 640, 640)
[Inference] Got 1 detections.

0: 640x640 (no detections), 229.3ms
Speed: 8.4ms preprocess, 229.3ms inference, 3.0ms postprocess per image at shape (1, 3, 640, 640)
[Inference] Got 0 detections.

0: 640x640 1 class1, 239.3ms
Speed: 5.6ms preprocess, 239.3ms inference, 10.8ms postprocess per image at shape (1, 3, 640, 640)
[Inference] Got 1 detections.

0: 640x640 (no detections), 227.0ms
Speed: 5.3ms preprocess, 227.0ms inference, 2.6ms postprocess per image at shape (1, 3, 640, 640)
[Inference] Got 0 detections.

0: 640x640 (no detections), 233.4ms
Speed: 6.8ms preprocess, 233.4ms inference, 4.3ms postprocess per image at shape (1, 3, 640, 640)
[Inference] Got 0 detections.

0: 640x640 (no detections), 224.6ms
Speed: 6.8ms preprocess, 224.6ms inference, 3.8ms postprocess per image at shape (1, 3, 640, 640)
[Inference] Got 0 detections.

0: 640x640 (no detections), 230.0ms
Speed: 5.8ms preprocess, 230.0ms inference, 6.0ms postprocess per image at shape (1, 3, 640, 640)
[Inference] Got 0 detections.

0: 640x640 (no detections), 225.9ms
Speed: 5.8ms preprocess, 225.9ms inference, 3.4ms postprocess per image at shape (1, 3, 640, 640)
[Inference] Got 0 detections.

0: 640x640 (no detections), 227.9ms
Speed: 5.5ms preprocess, 227.9ms inference, 2.8ms postprocess per image at shape (1, 3, 640, 640)
[Inference] Got 0 detections.

0: 640x640 (no detections), 229.8ms
Speed: 6.3ms preprocess, 229.8ms inference, 4.2ms postprocess per image at shape (1, 3, 640, 640)
[Inference] Got 0 detections.

0: 640x640 (no detections), 227.6ms
Speed: 5.4ms preprocess, 227.6ms inference, 2.8ms postprocess per image at shape (1, 3, 640, 640)
[Inference] Got 0 detections.

0: 640x640 (no detections), 237.7ms
Speed: 8.9ms preprocess, 237.7ms inference, 3.3ms postprocess per image at shape (1, 3, 640, 640)
[Inference] Got 0 detections.

0: 640x640 (no detections), 231.7ms
Speed: 6.0ms preprocess, 231.7ms inference, 2.6ms postprocess per image at shape (1, 3, 640, 640)
[Inference] Got 0 detections.

0: 640x640 (no detections), 240.4ms
Speed: 5.6ms preprocess, 240.4ms inference, 4.3ms postprocess per image at shape (1, 3, 640, 640)
[Inference] Got 0 detections.

0: 640x640 (no detections), 232.5ms
Speed: 6.0ms preprocess, 232.5ms inference, 3.1ms postprocess per image at shape (1, 3, 640, 640)
[Inference] Got 0 detections.

0: 640x640 (no detections), 257.2ms
Speed: 5.6ms preprocess, 257.2ms inference, 2.8ms postprocess per image at shape (1, 3, 640, 640)
[Inference] Got 0 detections.

0: 640x640 (no detections), 235.4ms
Speed: 5.4ms preprocess, 235.4ms inference, 3.9ms postprocess per image at shape (1, 3, 640, 640)
[Inference] Got 0 detections.

0: 640x640 (no detections), 238.4ms
Speed: 7.4ms preprocess, 238.4ms inference, 2.8ms postprocess per image at shape (1, 3, 640, 640)
[Inference] Got 0 detections.

0: 640x640 (no detections), 239.9ms
Speed: 6.4ms preprocess, 239.9ms inference, 3.6ms postprocess per image at shape (1, 3, 640, 640)
[Inference] Got 0 detections.

0: 640x640 (no detections), 251.8ms
Speed: 7.2ms preprocess, 251.8ms inference, 3.1ms postprocess per image at shape (1, 3, 640, 640)
[Inference] Got 0 detections.

0: 640x640 (no detections), 245.3ms
Speed: 6.1ms preprocess, 245.3ms inference, 3.4ms postprocess per image at shape (1, 3, 640, 640)
[Inference] Got 0 detections.

0: 640x640 (no detections), 240.3ms
Speed: 5.5ms preprocess, 240.3ms inference, 2.8ms postprocess per image at shape (1, 3, 640, 640)
[Inference] Got 0 detections.

0: 640x640 (no detections), 252.8ms
Speed: 5.6ms preprocess, 252.8ms inference, 4.7ms postprocess per image at shape (1, 3, 640, 640)
[Inference] Got 0 detections.

0: 640x640 (no detections), 246.4ms
Speed: 7.7ms preprocess, 246.4ms inference, 3.7ms postprocess per image at shape (1, 3, 640, 640)
[Inference] Got 0 detections.

0: 640x640 (no detections), 235.1ms
Speed: 5.9ms preprocess, 235.1ms inference, 3.1ms postprocess per image at shape (1, 3, 640, 640)
[Inference] Got 0 detections.

0: 640x640 (no detections), 241.6ms
Speed: 5.4ms preprocess, 241.6ms inference, 4.5ms postprocess per image at shape (1, 3, 640, 640)
[Inference] Got 0 detections.

0: 640x640 (no detections), 235.0ms
Speed: 6.0ms preprocess, 235.0ms inference, 3.7ms postprocess per image at shape (1, 3, 640, 640)
[Inference] Got 0 detections.

0: 640x640 (no detections), 239.4ms
Speed: 6.6ms preprocess, 239.4ms inference, 2.9ms postprocess per image at shape (1, 3, 640, 640)
[Inference] Got 0 detections.

0: 640x640 (no detections), 232.5ms
Speed: 5.7ms preprocess, 232.5ms inference, 3.1ms postprocess per image at shape (1, 3, 640, 640)
[Inference] Got 0 detections.

0: 640x640 (no detections), 238.8ms
Speed: 6.4ms preprocess, 238.8ms inference, 3.6ms postprocess per image at shape (1, 3, 640, 640)
[Inference] Got 0 detections.

0: 640x640 (no detections), 232.1ms
Speed: 6.6ms preprocess, 232.1ms inference, 3.0ms postprocess per image at shape (1, 3, 640, 640)
[Inference] Got 0 detections.

0: 640x640 (no detections), 242.1ms
Speed: 7.3ms preprocess, 242.1ms inference, 3.6ms postprocess per image at shape (1, 3, 640, 640)
[Inference] Got 0 detections.

0: 640x640 (no detections), 255.5ms
Speed: 6.0ms preprocess, 255.5ms inference, 4.0ms postprocess per image at shape (1, 3, 640, 640)
[Inference] Got 0 detections.

0: 640x640 (no detections), 304.0ms
Speed: 8.8ms preprocess, 304.0ms inference, 5.2ms postprocess per image at shape (1, 3, 640, 640)
[Inference] Got 0 detections.

0: 640x640 (no detections), 302.9ms
Speed: 8.7ms preprocess, 302.9ms inference, 3.2ms postprocess per image at shape (1, 3, 640, 640)
[Inference] Got 0 detections.

0: 640x640 (no detections), 279.5ms
Speed: 7.7ms preprocess, 279.5ms inference, 3.4ms postprocess per image at shape (1, 3, 640, 640)
[Inference] Got 0 detections.

0: 640x640 (no detections), 268.5ms
Speed: 7.0ms preprocess, 268.5ms inference, 4.1ms postprocess per image at shape (1, 3, 640, 640)
[Inference] Got 0 detections.

0: 640x640 (no detections), 227.2ms
Speed: 6.9ms preprocess, 227.2ms inference, 3.5ms postprocess per image at shape (1, 3, 640, 640)
[Inference] Got 0 detections.

0: 640x640 (no detections), 236.5ms
Speed: 6.2ms preprocess, 236.5ms inference, 2.6ms postprocess per image at shape (1, 3, 640, 640)
[Inference] Got 0 detections.

0: 640x640 (no detections), 231.4ms
Speed: 6.9ms preprocess, 231.4ms inference, 4.2ms postprocess per image at shape (1, 3, 640, 640)
[Inference] Got 0 detections.

0: 640x640 (no detections), 236.5ms
Speed: 6.0ms preprocess, 236.5ms inference, 3.4ms postprocess per image at shape (1, 3, 640, 640)
[Inference] Got 0 detections.

0: 640x640 (no detections), 239.3ms
Speed: 6.6ms preprocess, 239.3ms inference, 4.5ms postprocess per image at shape (1, 3, 640, 640)
[Inference] Got 0 detections.

0: 640x640 (no detections), 239.2ms
Speed: 6.1ms preprocess, 239.2ms inference, 3.7ms postprocess per image at shape (1, 3, 640, 640)
[Inference] Got 0 detections.

0: 640x640 (no detections), 231.3ms
Speed: 5.9ms preprocess, 231.3ms inference, 2.9ms postprocess per image at shape (1, 3, 640, 640)
[Inference] Got 0 detections.

0: 640x640 (no detections), 236.4ms
Speed: 5.6ms preprocess, 236.4ms inference, 3.3ms postprocess per image at shape (1, 3, 640, 640)
[Inference] Got 0 detections.

0: 640x640 (no detections), 243.7ms
Speed: 7.4ms preprocess, 243.7ms inference, 3.0ms postprocess per image at shape (1, 3, 640, 640)
[Inference] Got 0 detections.

0: 640x640 (no detections), 240.7ms
Speed: 7.4ms preprocess, 240.7ms inference, 3.7ms postprocess per image at shape (1, 3, 640, 640)
[Inference] Got 0 detections.

0: 640x640 (no detections), 232.0ms
Speed: 5.9ms preprocess, 232.0ms inference, 3.0ms postprocess per image at shape (1, 3, 640, 640)
[Inference] Got 0 detections.

0: 640x640 (no detections), 239.9ms
Speed: 5.9ms preprocess, 239.9ms inference, 3.5ms postprocess per image at shape (1, 3, 640, 640)
[Inference] Got 0 detections.

0: 640x640 (no detections), 232.1ms
Speed: 6.2ms preprocess, 232.1ms inference, 3.2ms postprocess per image at shape (1, 3, 640, 640)
[Inference] Got 0 detections.

0: 640x640 (no detections), 248.7ms
Speed: 7.8ms preprocess, 248.7ms inference, 4.6ms postprocess per image at shape (1, 3, 640, 640)
[Inference] Got 0 detections.

0: 640x640 (no detections), 235.7ms
Speed: 5.6ms preprocess, 235.7ms inference, 3.0ms postprocess per image at shape (1, 3, 640, 640)
[Inference] Got 0 detections.

0: 640x640 (no detections), 246.9ms
Speed: 5.8ms preprocess, 246.9ms inference, 4.4ms postprocess per image at shape (1, 3, 640, 640)
[Inference] Got 0 detections.

0: 640x640 (no detections), 240.8ms
Speed: 5.7ms preprocess, 240.8ms inference, 3.6ms postprocess per image at shape (1, 3, 640, 640)
[Inference] Got 0 detections.

0: 640x640 (no detections), 241.5ms
Speed: 7.1ms preprocess, 241.5ms inference, 3.7ms postprocess per image at shape (1, 3, 640, 640)
[Inference] Got 0 detections.

0: 640x640 (no detections), 238.1ms
Speed: 6.3ms preprocess, 238.1ms inference, 2.8ms postprocess per image at shape (1, 3, 640, 640)
[Inference] Got 0 detections.

0: 640x640 (no detections), 240.9ms
Speed: 7.0ms preprocess, 240.9ms inference, 4.0ms postprocess per image at shape (1, 3, 640, 640)
[Inference] Got 0 detections.

0: 640x640 (no detections), 246.6ms
Speed: 5.5ms preprocess, 246.6ms inference, 3.0ms postprocess per image at shape (1, 3, 640, 640)
[Inference] Got 0 detections.

0: 640x640 (no detections), 242.0ms
Speed: 7.3ms preprocess, 242.0ms inference, 4.2ms postprocess per image at shape (1, 3, 640, 640)
[Inference] Got 0 detections.

0: 640x640 (no detections), 240.4ms
Speed: 7.1ms preprocess, 240.4ms inference, 4.3ms postprocess per image at shape (1, 3, 640, 640)
[Inference] Got 0 detections.

0: 640x640 (no detections), 232.9ms
Speed: 9.1ms preprocess, 232.9ms inference, 3.1ms postprocess per image at shape (1, 3, 640, 640)
[Inference] Got 0 detections.

0: 640x640 (no detections), 248.0ms
Speed: 6.6ms preprocess, 248.0ms inference, 4.0ms postprocess per image at shape (1, 3, 640, 640)
[Inference] Got 0 detections.

0: 640x640 (no detections), 234.4ms
Speed: 6.5ms preprocess, 234.4ms inference, 3.6ms postprocess per image at shape (1, 3, 640, 640)
[Inference] Got 0 detections.

0: 640x640 (no detections), 236.9ms
Speed: 6.8ms preprocess, 236.9ms inference, 3.1ms postprocess per image at shape (1, 3, 640, 640)
[Inference] Got 0 detections.

0: 640x640 (no detections), 234.6ms
Speed: 8.5ms preprocess, 234.6ms inference, 3.7ms postprocess per image at shape (1, 3, 640, 640)
[Inference] Got 0 detections.

0: 640x640 (no detections), 240.6ms
Speed: 7.9ms preprocess, 240.6ms inference, 3.8ms postprocess per image at shape (1, 3, 640, 640)
[Inference] Got 0 detections.

0: 640x640 (no detections), 237.4ms
Speed: 5.4ms preprocess, 237.4ms inference, 3.7ms postprocess per image at shape (1, 3, 640, 640)
[Inference] Got 0 detections.

0: 640x640 (no detections), 228.4ms
Speed: 6.1ms preprocess, 228.4ms inference, 2.7ms postprocess per image at shape (1, 3, 640, 640)
[Inference] Got 0 detections.

0: 640x640 (no detections), 232.9ms
Speed: 9.7ms preprocess, 232.9ms inference, 3.3ms postprocess per image at shape (1, 3, 640, 640)
[Inference] Got 0 detections.

0: 640x640 (no detections), 236.9ms
Speed: 6.9ms preprocess, 236.9ms inference, 4.0ms postprocess per image at shape (1, 3, 640, 640)
[Inference] Got 0 detections.

0: 640x640 (no detections), 233.6ms
Speed: 5.6ms preprocess, 233.6ms inference, 2.9ms postprocess per image at shape (1, 3, 640, 640)
[Inference] Got 0 detections.

0: 640x640 (no detections), 236.9ms
Speed: 6.2ms preprocess, 236.9ms inference, 3.1ms postprocess per image at shape (1, 3, 640, 640)
[Inference] Got 0 detections.

0: 640x640 (no detections), 233.8ms
Speed: 5.8ms preprocess, 233.8ms inference, 3.2ms postprocess per image at shape (1, 3, 640, 640)
[Inference] Got 0 detections.

0: 640x640 (no detections), 242.4ms
Speed: 6.3ms preprocess, 242.4ms inference, 4.0ms postprocess per image at shape (1, 3, 640, 640)
[Inference] Got 0 detections.

0: 640x640 (no detections), 236.9ms
Speed: 5.5ms preprocess, 236.9ms inference, 3.8ms postprocess per image at shape (1, 3, 640, 640)
[Inference] Got 0 detections.

0: 640x640 (no detections), 270.6ms
Speed: 7.3ms preprocess, 270.6ms inference, 2.5ms postprocess per image at shape (1, 3, 640, 640)
[Inference] Got 0 detections.

0: 640x640 (no detections), 239.7ms
Speed: 6.7ms preprocess, 239.7ms inference, 4.7ms postprocess per image at shape (1, 3, 640, 640)
[Inference] Got 0 detections.

0: 640x640 (no detections), 241.0ms
Speed: 5.5ms preprocess, 241.0ms inference, 3.0ms postprocess per image at shape (1, 3, 640, 640)
[Inference] Got 0 detections.

0: 640x640 (no detections), 238.8ms
Speed: 6.5ms preprocess, 238.8ms inference, 4.0ms postprocess per image at shape (1, 3, 640, 640)
[Inference] Got 0 detections.

0: 640x640 (no detections), 240.8ms
Speed: 5.8ms preprocess, 240.8ms inference, 2.9ms postprocess per image at shape (1, 3, 640, 640)
[Inference] Got 0 detections.

0: 640x640 (no detections), 240.7ms
Speed: 7.0ms preprocess, 240.7ms inference, 3.8ms postprocess per image at shape (1, 3, 640, 640)
[Inference] Got 0 detections.

0: 640x640 (no detections), 254.0ms
Speed: 6.0ms preprocess, 254.0ms inference, 3.1ms postprocess per image at shape (1, 3, 640, 640)
[Inference] Got 0 detections.

0: 640x640 (no detections), 239.4ms
Speed: 5.6ms preprocess, 239.4ms inference, 2.7ms postprocess per image at shape (1, 3, 640, 640)
[Inference] Got 0 detections.

0: 640x640 (no detections), 247.8ms
Speed: 5.7ms preprocess, 247.8ms inference, 4.5ms postprocess per image at shape (1, 3, 640, 640)
[Inference] Got 0 detections.

0: 640x640 (no detections), 240.1ms
Speed: 5.6ms preprocess, 240.1ms inference, 3.1ms postprocess per image at shape (1, 3, 640, 640)
[Inference] Got 0 detections.

0: 640x640 (no detections), 249.7ms
Speed: 6.4ms preprocess, 249.7ms inference, 4.3ms postprocess per image at shape (1, 3, 640, 640)
[Inference] Got 0 detections.

0: 640x640 (no detections), 246.1ms
Speed: 7.5ms preprocess, 246.1ms inference, 5.2ms postprocess per image at shape (1, 3, 640, 640)
[Inference] Got 0 detections.

0: 640x640 (no detections), 234.8ms
Speed: 5.6ms preprocess, 234.8ms inference, 3.9ms postprocess per image at shape (1, 3, 640, 640)
[Inference] Got 0 detections.

0: 640x640 (no detections), 244.2ms
Speed: 5.9ms preprocess, 244.2ms inference, 4.5ms postprocess per image at shape (1, 3, 640, 640)
[Inference] Got 0 detections.

0: 640x640 (no detections), 237.8ms
Speed: 6.9ms preprocess, 237.8ms inference, 3.2ms postprocess per image at shape (1, 3, 640, 640)
[Inference] Got 0 detections.

0: 640x640 (no detections), 244.5ms
Speed: 5.8ms preprocess, 244.5ms inference, 7.2ms postprocess per image at shape (1, 3, 640, 640)
[Inference] Got 0 detections.

0: 640x640 (no detections), 236.3ms
Speed: 5.6ms preprocess, 236.3ms inference, 3.3ms postprocess per image at shape (1, 3, 640, 640)
[Inference] Got 0 detections.

0: 640x640 (no detections), 238.3ms
Speed: 7.0ms preprocess, 238.3ms inference, 3.8ms postprocess per image at shape (1, 3, 640, 640)
[Inference] Got 0 detections.

0: 640x640 (no detections), 238.9ms
Speed: 6.6ms preprocess, 238.9ms inference, 3.5ms postprocess per image at shape (1, 3, 640, 640)
[Inference] Got 0 detections.

0: 640x640 (no detections), 238.4ms
Speed: 6.9ms preprocess, 238.4ms inference, 4.2ms postprocess per image at shape (1, 3, 640, 640)
[Inference] Got 0 detections.

0: 640x640 (no detections), 235.9ms
Speed: 5.5ms preprocess, 235.9ms inference, 3.9ms postprocess per image at shape (1, 3, 640, 640)
[Inference] Got 0 detections.

0: 640x640 (no detections), 255.8ms
Speed: 6.7ms preprocess, 255.8ms inference, 8.0ms postprocess per image at shape (1, 3, 640, 640)
[Inference] Got 0 detections.

0: 640x640 (no detections), 346.2ms
Speed: 8.2ms preprocess, 346.2ms inference, 14.3ms postprocess per image at shape (1, 3, 640, 640)
[Inference] Got 0 detections.

0: 640x640 (no detections), 338.4ms
Speed: 8.6ms preprocess, 338.4ms inference, 21.2ms postprocess per image at shape (1, 3, 640, 640)
[Inference] Got 0 detections.

0: 640x640 (no detections), 324.4ms
Speed: 6.9ms preprocess, 324.4ms inference, 5.5ms postprocess per image at shape (1, 3, 640, 640)
[Inference] Got 0 detections.

0: 640x640 (no detections), 325.9ms
Speed: 9.2ms preprocess, 325.9ms inference, 7.4ms postprocess per image at shape (1, 3, 640, 640)
[Inference] Got 0 detections.

0: 640x640 (no detections), 286.6ms
Speed: 12.4ms preprocess, 286.6ms inference, 4.9ms postprocess per image at shape (1, 3, 640, 640)
[Inference] Got 0 detections.

0: 640x640 (no detections), 272.6ms
Speed: 7.6ms preprocess, 272.6ms inference, 4.7ms postprocess per image at shape (1, 3, 640, 640)
[Inference] Got 0 detections.

0: 640x640 (no detections), 278.8ms
Speed: 6.9ms preprocess, 278.8ms inference, 4.4ms postprocess per image at shape (1, 3, 640, 640)
[Inference] Got 0 detections.

0: 640x640 (no detections), 305.1ms
Speed: 6.9ms preprocess, 305.1ms inference, 6.0ms postprocess per image at shape (1, 3, 640, 640)
[Inference] Got 0 detections.

0: 640x640 (no detections), 291.0ms
Speed: 7.0ms preprocess, 291.0ms inference, 4.9ms postprocess per image at shape (1, 3, 640, 640)
[Inference] Got 0 detections.

0: 640x640 (no detections), 284.7ms
Speed: 7.3ms preprocess, 284.7ms inference, 5.1ms postprocess per image at shape (1, 3, 640, 640)
[Inference] Got 0 detections.

0: 640x640 (no detections), 339.2ms
Speed: 7.2ms preprocess, 339.2ms inference, 8.8ms postprocess per image at shape (1, 3, 640, 640)
[Inference] Got 0 detections.

0: 640x640 (no detections), 333.6ms
Speed: 11.5ms preprocess, 333.6ms inference, 10.9ms postprocess per image at shape (1, 3, 640, 640)
[Inference] Got 0 detections.

0: 640x640 (no detections), 313.4ms
Speed: 8.5ms preprocess, 313.4ms inference, 9.7ms postprocess per image at shape (1, 3, 640, 640)
[Inference] Got 0 detections.

0: 640x640 (no detections), 300.7ms
Speed: 7.1ms preprocess, 300.7ms inference, 6.1ms postprocess per image at shape (1, 3, 640, 640)
[Inference] Got 0 detections.

0: 640x640 (no detections), 333.4ms
Speed: 10.3ms preprocess, 333.4ms inference, 8.3ms postprocess per image at shape (1, 3, 640, 640)
[Inference] Got 0 detections.

0: 640x640 (no detections), 344.8ms
Speed: 14.8ms preprocess, 344.8ms inference, 3.8ms postprocess per image at shape (1, 3, 640, 640)
[Inference] Got 0 detections.

0: 640x640 (no detections), 367.0ms
Speed: 11.5ms preprocess, 367.0ms inference, 5.1ms postprocess per image at shape (1, 3, 640, 640)
[Inference] Got 0 detections.

0: 640x640 (no detections), 321.8ms
Speed: 7.0ms preprocess, 321.8ms inference, 3.2ms postprocess per image at shape (1, 3, 640, 640)
[Inference] Got 0 detections.

0: 640x640 (no detections), 338.1ms
Speed: 35.6ms preprocess, 338.1ms inference, 8.9ms postprocess per image at shape (1, 3, 640, 640)
[Inference] Got 0 detections.

0: 640x640 (no detections), 325.2ms
Speed: 8.2ms preprocess, 325.2ms inference, 11.7ms postprocess per image at shape (1, 3, 640, 640)
[Inference] Got 0 detections.

0: 640x640 (no detections), 357.5ms
Speed: 19.5ms preprocess, 357.5ms inference, 9.6ms postprocess per image at shape (1, 3, 640, 640)
[Inference] Got 0 detections.

0: 640x640 (no detections), 361.4ms
Speed: 10.0ms preprocess, 361.4ms inference, 10.1ms postprocess per image at shape (1, 3, 640, 640)
[Inference] Got 0 detections.

0: 640x640 (no detections), 369.2ms
Speed: 20.4ms preprocess, 369.2ms inference, 7.0ms postprocess per image at shape (1, 3, 640, 640)
[Inference] Got 0 detections.

0: 640x640 (no detections), 376.4ms
Speed: 19.9ms preprocess, 376.4ms inference, 7.8ms postprocess per image at shape (1, 3, 640, 640)
[Inference] Got 0 detections.

0: 640x640 (no detections), 388.2ms
Speed: 23.1ms preprocess, 388.2ms inference, 14.8ms postprocess per image at shape (1, 3, 640, 640)
[Inference] Got 0 detections.

0: 640x640 (no detections), 372.3ms
Speed: 20.1ms preprocess, 372.3ms inference, 10.6ms postprocess per image at shape (1, 3, 640, 640)
[Inference] Got 0 detections.

0: 640x640 (no detections), 410.6ms
Speed: 37.9ms preprocess, 410.6ms inference, 5.7ms postprocess per image at shape (1, 3, 640, 640)
[Inference] Got 0 detections.

0: 640x640 (no detections), 390.5ms
Speed: 26.0ms preprocess, 390.5ms inference, 6.7ms postprocess per image at shape (1, 3, 640, 640)
[Inference] Got 0 detections.

0: 640x640 (no detections), 396.0ms
Speed: 25.6ms preprocess, 396.0ms inference, 6.1ms postprocess per image at shape (1, 3, 640, 640)
[Inference] Got 0 detections.

0: 640x640 (no detections), 385.4ms
Speed: 25.1ms preprocess, 385.4ms inference, 4.9ms postprocess per image at shape (1, 3, 640, 640)
[Inference] Got 0 detections.

0: 640x640 (no detections), 382.5ms
Speed: 20.8ms preprocess, 382.5ms inference, 5.0ms postprocess per image at shape (1, 3, 640, 640)
[Inference] Got 0 detections.

0: 640x640 (no detections), 404.0ms
Speed: 28.3ms preprocess, 404.0ms inference, 3.6ms postprocess per image at shape (1, 3, 640, 640)
[Inference] Got 0 detections.

0: 640x640 (no detections), 406.1ms
Speed: 15.4ms preprocess, 406.1ms inference, 7.2ms postprocess per image at shape (1, 3, 640, 640)
[Inference] Got 0 detections.

0: 640x640 (no detections), 414.4ms
Speed: 18.8ms preprocess, 414.4ms inference, 22.6ms postprocess per image at shape (1, 3, 640, 640)
[Inference] Got 0 detections.

0: 640x640 (no detections), 416.4ms
Speed: 42.4ms preprocess, 416.4ms inference, 33.5ms postprocess per image at shape (1, 3, 640, 640)
[Inference] Got 0 detections.

0: 640x640 (no detections), 396.9ms
Speed: 42.7ms preprocess, 396.9ms inference, 5.8ms postprocess per image at shape (1, 3, 640, 640)
[Inference] Got 0 detections.

0: 640x640 (no detections), 403.3ms
Speed: 18.3ms preprocess, 403.3ms inference, 18.2ms postprocess per image at shape (1, 3, 640, 640)
[Inference] Got 0 detections.

0: 640x640 (no detections), 390.1ms
Speed: 45.6ms preprocess, 390.1ms inference, 7.4ms postprocess per image at shape (1, 3, 640, 640)
[Inference] Got 0 detections.

0: 640x640 (no detections), 391.1ms
Speed: 17.9ms preprocess, 391.1ms inference, 5.8ms postprocess per image at shape (1, 3, 640, 640)
[Inference] Got 0 detections.

0: 640x640 (no detections), 385.6ms
Speed: 38.4ms preprocess, 385.6ms inference, 6.1ms postprocess per image at shape (1, 3, 640, 640)
[Inference] Got 0 detections.

0: 640x640 (no detections), 387.3ms
Speed: 23.1ms preprocess, 387.3ms inference, 4.5ms postprocess per image at shape (1, 3, 640, 640)
[Inference] Got 0 detections.

0: 640x640 (no detections), 384.8ms
Speed: 46.0ms preprocess, 384.8ms inference, 6.7ms postprocess per image at shape (1, 3, 640, 640)
[Inference] Got 0 detections.

0: 640x640 (no detections), 370.9ms
Speed: 20.9ms preprocess, 370.9ms inference, 5.4ms postprocess per image at shape (1, 3, 640, 640)
[Inference] Got 0 detections.

0: 640x640 (no detections), 372.0ms
Speed: 30.2ms preprocess, 372.0ms inference, 5.1ms postprocess per image at shape (1, 3, 640, 640)
[Inference] Got 0 detections.

0: 640x640 (no detections), 401.2ms
Speed: 38.9ms preprocess, 401.2ms inference, 6.6ms postprocess per image at shape (1, 3, 640, 640)
[Inference] Got 0 detections.

0: 640x640 (no detections), 398.4ms
Speed: 16.2ms preprocess, 398.4ms inference, 4.9ms postprocess per image at shape (1, 3, 640, 640)
[Inference] Got 0 detections.

0: 640x640 (no detections), 391.2ms
Speed: 38.1ms preprocess, 391.2ms inference, 4.7ms postprocess per image at shape (1, 3, 640, 640)
[Inference] Got 0 detections.

0: 640x640 (no detections), 404.0ms
Speed: 20.7ms preprocess, 404.0ms inference, 4.7ms postprocess per image at shape (1, 3, 640, 640)
[Inference] Got 0 detections.

0: 640x640 (no detections), 389.4ms
Speed: 104.7ms preprocess, 389.4ms inference, 6.3ms postprocess per image at shape (1, 3, 640, 640)
[Inference] Got 0 detections.

0: 640x640 (no detections), 405.2ms
Speed: 31.3ms preprocess, 405.2ms inference, 7.7ms postprocess per image at shape (1, 3, 640, 640)
[Inference] Got 0 detections.

0: 640x640 (no detections), 410.8ms
Speed: 24.3ms preprocess, 410.8ms inference, 7.4ms postprocess per image at shape (1, 3, 640, 640)
[Inference] Got 0 detections.

0: 640x640 (no detections), 411.9ms
Speed: 19.9ms preprocess, 411.9ms inference, 10.5ms postprocess per image at shape (1, 3, 640, 640)
[Inference] Got 0 detections.

0: 640x640 (no detections), 388.2ms
Speed: 26.7ms preprocess, 388.2ms inference, 25.6ms postprocess per image at shape (1, 3, 640, 640)
[Inference] Got 0 detections.

0: 640x640 (no detections), 398.0ms
Speed: 41.8ms preprocess, 398.0ms inference, 8.7ms postprocess per image at shape (1, 3, 640, 640)
[Inference] Got 0 detections.

0: 640x640 (no detections), 387.4ms
Speed: 16.5ms preprocess, 387.4ms inference, 5.4ms postprocess per image at shape (1, 3, 640, 640)
[Inference] Got 0 detections.

0: 640x640 (no detections), 390.4ms
Speed: 24.6ms preprocess, 390.4ms inference, 18.8ms postprocess per image at shape (1, 3, 640, 640)
[Inference] Got 0 detections.

0: 640x640 (no detections), 380.3ms
Speed: 11.3ms preprocess, 380.3ms inference, 10.2ms postprocess per image at shape (1, 3, 640, 640)
[Inference] Got 0 detections.

0: 640x640 (no detections), 377.0ms
Speed: 18.0ms preprocess, 377.0ms inference, 6.8ms postprocess per image at shape (1, 3, 640, 640)
[Inference] Got 0 detections.

0: 640x640 (no detections), 435.7ms
Speed: 31.7ms preprocess, 435.7ms inference, 7.8ms postprocess per image at shape (1, 3, 640, 640)
[Inference] Got 0 detections.

0: 640x640 (no detections), 399.5ms
Speed: 15.7ms preprocess, 399.5ms inference, 7.0ms postprocess per image at shape (1, 3, 640, 640)
[Inference] Got 0 detections.

0: 640x640 (no detections), 387.5ms
Speed: 26.1ms preprocess, 387.5ms inference, 5.2ms postprocess per image at shape (1, 3, 640, 640)
[Inference] Got 0 detections.

0: 640x640 (no detections), 376.8ms
Speed: 10.7ms preprocess, 376.8ms inference, 15.5ms postprocess per image at shape (1, 3, 640, 640)
[Inference] Got 0 detections.

0: 640x640 (no detections), 375.0ms
Speed: 14.6ms preprocess, 375.0ms inference, 9.0ms postprocess per image at shape (1, 3, 640, 640)
[Inference] Got 0 detections.

0: 640x640 (no detections), 387.7ms
Speed: 26.7ms preprocess, 387.7ms inference, 4.6ms postprocess per image at shape (1, 3, 640, 640)
[Inference] Got 0 detections.

0: 640x640 (no detections), 375.9ms
Speed: 21.3ms preprocess, 375.9ms inference, 6.3ms postprocess per image at shape (1, 3, 640, 640)
[Inference] Got 0 detections.

0: 640x640 (no detections), 378.5ms
Speed: 13.3ms preprocess, 378.5ms inference, 7.1ms postprocess per image at shape (1, 3, 640, 640)
[Inference] Got 0 detections.

0: 640x640 (no detections), 378.3ms
Speed: 11.6ms preprocess, 378.3ms inference, 7.4ms postprocess per image at shape (1, 3, 640, 640)
[Inference] Got 0 detections.

0: 640x640 (no detections), 386.8ms
Speed: 11.6ms preprocess, 386.8ms inference, 7.1ms postprocess per image at shape (1, 3, 640, 640)
[Inference] Got 0 detections.

0: 640x640 (no detections), 397.7ms
Speed: 13.2ms preprocess, 397.7ms inference, 12.0ms postprocess per image at shape (1, 3, 640, 640)
[Inference] Got 0 detections.

0: 640x640 (no detections), 402.5ms
Speed: 10.7ms preprocess, 402.5ms inference, 6.9ms postprocess per image at shape (1, 3, 640, 640)
[Inference] Got 0 detections.

0: 640x640 (no detections), 399.6ms
Speed: 22.9ms preprocess, 399.6ms inference, 10.4ms postprocess per image at shape (1, 3, 640, 640)
[Inference] Got 0 detections.

0: 640x640 (no detections), 398.6ms
Speed: 32.0ms preprocess, 398.6ms inference, 6.6ms postprocess per image at shape (1, 3, 640, 640)
[Inference] Got 0 detections.

0: 640x640 (no detections), 397.8ms
Speed: 31.8ms preprocess, 397.8ms inference, 5.0ms postprocess per image at shape (1, 3, 640, 640)
[Inference] Got 0 detections.

0: 640x640 (no detections), 378.6ms
Speed: 18.3ms preprocess, 378.6ms inference, 9.7ms postprocess per image at shape (1, 3, 640, 640)
[Inference] Got 0 detections.

0: 640x640 (no detections), 383.3ms
Speed: 10.2ms preprocess, 383.3ms inference, 12.7ms postprocess per image at shape (1, 3, 640, 640)
[Inference] Got 0 detections.

0: 640x640 (no detections), 386.1ms
Speed: 12.6ms preprocess, 386.1ms inference, 5.4ms postprocess per image at shape (1, 3, 640, 640)
[Inference] Got 0 detections.

0: 640x640 (no detections), 386.3ms
Speed: 29.5ms preprocess, 386.3ms inference, 5.1ms postprocess per image at shape (1, 3, 640, 640)
[Inference] Got 0 detections.

0: 640x640 (no detections), 383.6ms
Speed: 19.9ms preprocess, 383.6ms inference, 9.3ms postprocess per image at shape (1, 3, 640, 640)
[Inference] Got 0 detections.

0: 640x640 (no detections), 389.7ms
Speed: 17.6ms preprocess, 389.7ms inference, 6.6ms postprocess per image at shape (1, 3, 640, 640)
[Inference] Got 0 detections.

0: 640x640 (no detections), 383.2ms
Speed: 23.2ms preprocess, 383.2ms inference, 6.7ms postprocess per image at shape (1, 3, 640, 640)
[Inference] Got 0 detections.

0: 640x640 (no detections), 382.8ms
Speed: 14.2ms preprocess, 382.8ms inference, 4.5ms postprocess per image at shape (1, 3, 640, 640)
[Inference] Got 0 detections.

0: 640x640 (no detections), 370.2ms
Speed: 15.4ms preprocess, 370.2ms inference, 4.7ms postprocess per image at shape (1, 3, 640, 640)
[Inference] Got 0 detections.

0: 640x640 (no detections), 381.3ms
Speed: 33.8ms preprocess, 381.3ms inference, 6.9ms postprocess per image at shape (1, 3, 640, 640)
[Inference] Got 0 detections.

0: 640x640 (no detections), 381.5ms
Speed: 10.2ms preprocess, 381.5ms inference, 7.2ms postprocess per image at shape (1, 3, 640, 640)
[Inference] Got 0 detections.

0: 640x640 (no detections), 385.0ms
Speed: 12.0ms preprocess, 385.0ms inference, 5.2ms postprocess per image at shape (1, 3, 640, 640)
[Inference] Got 0 detections.

0: 640x640 (no detections), 391.3ms
Speed: 10.1ms preprocess, 391.3ms inference, 12.5ms postprocess per image at shape (1, 3, 640, 640)
[Inference] Got 0 detections.

0: 640x640 (no detections), 394.6ms
Speed: 21.3ms preprocess, 394.6ms inference, 5.7ms postprocess per image at shape (1, 3, 640, 640)
[Inference] Got 0 detections.

0: 640x640 (no detections), 392.5ms
Speed: 31.6ms preprocess, 392.5ms inference, 3.5ms postprocess per image at shape (1, 3, 640, 640)
[Inference] Got 0 detections.

0: 640x640 (no detections), 403.9ms
Speed: 13.4ms preprocess, 403.9ms inference, 4.2ms postprocess per image at shape (1, 3, 640, 640)
[Inference] Got 0 detections.

0: 640x640 (no detections), 396.9ms
Speed: 8.6ms preprocess, 396.9ms inference, 4.7ms postprocess per image at shape (1, 3, 640, 640)
[Inference] Got 0 detections.

0: 640x640 (no detections), 414.7ms
Speed: 23.8ms preprocess, 414.7ms inference, 4.9ms postprocess per image at shape (1, 3, 640, 640)
[Inference] Got 0 detections.

0: 640x640 (no detections), 387.2ms
Speed: 15.5ms preprocess, 387.2ms inference, 8.6ms postprocess per image at shape (1, 3, 640, 640)
[Inference] Got 0 detections.

0: 640x640 (no detections), 391.6ms
Speed: 11.6ms preprocess, 391.6ms inference, 16.6ms postprocess per image at shape (1, 3, 640, 640)
[Inference] Got 0 detections.

0: 640x640 (no detections), 420.3ms
Speed: 12.4ms preprocess, 420.3ms inference, 6.2ms postprocess per image at shape (1, 3, 640, 640)
[Inference] Got 0 detections.

0: 640x640 (no detections), 395.0ms
Speed: 12.4ms preprocess, 395.0ms inference, 4.3ms postprocess per image at shape (1, 3, 640, 640)
[Inference] Got 0 detections.

0: 640x640 (no detections), 439.0ms
Speed: 18.7ms preprocess, 439.0ms inference, 21.1ms postprocess per image at shape (1, 3, 640, 640)
[Inference] Got 0 detections.

0: 640x640 (no detections), 392.8ms
Speed: 27.3ms preprocess, 392.8ms inference, 4.6ms postprocess per image at shape (1, 3, 640, 640)
[Inference] Got 0 detections.

0: 640x640 (no detections), 388.5ms
Speed: 16.3ms preprocess, 388.5ms inference, 5.0ms postprocess per image at shape (1, 3, 640, 640)
[Inference] Got 0 detections.

0: 640x640 (no detections), 390.7ms
Speed: 29.5ms preprocess, 390.7ms inference, 7.0ms postprocess per image at shape (1, 3, 640, 640)
[Inference] Got 0 detections.

0: 640x640 (no detections), 388.8ms
Speed: 19.8ms preprocess, 388.8ms inference, 6.5ms postprocess per image at shape (1, 3, 640, 640)
[Inference] Got 0 detections.

0: 640x640 (no detections), 384.4ms
Speed: 16.4ms preprocess, 384.4ms inference, 4.4ms postprocess per image at shape (1, 3, 640, 640)
[Inference] Got 0 detections.

0: 640x640 (no detections), 387.8ms
Speed: 19.1ms preprocess, 387.8ms inference, 8.2ms postprocess per image at shape (1, 3, 640, 640)
[Inference] Got 0 detections.

0: 640x640 (no detections), 401.0ms
Speed: 17.3ms preprocess, 401.0ms inference, 6.8ms postprocess per image at shape (1, 3, 640, 640)
[Inference] Got 0 detections.

0: 640x640 (no detections), 360.9ms
Speed: 9.2ms preprocess, 360.9ms inference, 10.3ms postprocess per image at shape (1, 3, 640, 640)
[Inference] Got 0 detections.

0: 640x640 (no detections), 371.5ms
Speed: 15.6ms preprocess, 371.5ms inference, 7.7ms postprocess per image at shape (1, 3, 640, 640)
[Inference] Got 0 detections.

0: 640x640 (no detections), 404.4ms
Speed: 19.1ms preprocess, 404.4ms inference, 5.2ms postprocess per image at shape (1, 3, 640, 640)
[Inference] Got 0 detections.

0: 640x640 (no detections), 433.9ms
Speed: 14.2ms preprocess, 433.9ms inference, 9.1ms postprocess per image at shape (1, 3, 640, 640)
[Inference] Got 0 detections.

0: 640x640 (no detections), 387.3ms
Speed: 12.9ms preprocess, 387.3ms inference, 4.2ms postprocess per image at shape (1, 3, 640, 640)
[Inference] Got 0 detections.

0: 640x640 (no detections), 421.4ms
Speed: 10.2ms preprocess, 421.4ms inference, 7.8ms postprocess per image at shape (1, 3, 640, 640)
[Inference] Got 0 detections.

0: 640x640 (no detections), 369.0ms
Speed: 14.3ms preprocess, 369.0ms inference, 6.3ms postprocess per image at shape (1, 3, 640, 640)
[Inference] Got 0 detections.

0: 640x640 (no detections), 345.4ms
Speed: 13.6ms preprocess, 345.4ms inference, 4.0ms postprocess per image at shape (1, 3, 640, 640)
[Inference] Got 0 detections.

0: 640x640 (no detections), 346.7ms
Speed: 10.4ms preprocess, 346.7ms inference, 5.3ms postprocess per image at shape (1, 3, 640, 640)
[Inference] Got 0 detections.

0: 640x640 (no detections), 337.3ms
Speed: 8.9ms preprocess, 337.3ms inference, 4.5ms postprocess per image at shape (1, 3, 640, 640)
[Inference] Got 0 detections.

0: 640x640 (no detections), 364.7ms
Speed: 14.8ms preprocess, 364.7ms inference, 3.6ms postprocess per image at shape (1, 3, 640, 640)
[Inference] Got 0 detections.

0: 640x640 (no detections), 361.4ms
Speed: 17.1ms preprocess, 361.4ms inference, 4.7ms postprocess per image at shape (1, 3, 640, 640)
[Inference] Got 0 detections.

0: 640x640 (no detections), 342.8ms
Speed: 10.3ms preprocess, 342.8ms inference, 11.3ms postprocess per image at shape (1, 3, 640, 640)
[Inference] Got 0 detections.

0: 640x640 (no detections), 360.0ms
Speed: 9.8ms preprocess, 360.0ms inference, 3.8ms postprocess per image at shape (1, 3, 640, 640)
[Inference] Got 0 detections.

0: 640x640 (no detections), 360.5ms
Speed: 17.8ms preprocess, 360.5ms inference, 5.7ms postprocess per image at shape (1, 3, 640, 640)
[Inference] Got 0 detections.

0: 640x640 (no detections), 360.9ms
Speed: 21.9ms preprocess, 360.9ms inference, 5.4ms postprocess per image at shape (1, 3, 640, 640)
[Inference] Got 0 detections.

0: 640x640 (no detections), 367.7ms
Speed: 18.8ms preprocess, 367.7ms inference, 5.3ms postprocess per image at shape (1, 3, 640, 640)
[Inference] Got 0 detections.

0: 640x640 (no detections), 346.3ms
Speed: 12.6ms preprocess, 346.3ms inference, 9.0ms postprocess per image at shape (1, 3, 640, 640)
[Inference] Got 0 detections.

0: 640x640 (no detections), 352.1ms
Speed: 8.6ms preprocess, 352.1ms inference, 3.8ms postprocess per image at shape (1, 3, 640, 640)
[Inference] Got 0 detections.

0: 640x640 (no detections), 301.1ms
Speed: 9.0ms preprocess, 301.1ms inference, 6.7ms postprocess per image at shape (1, 3, 640, 640)
[Inference] Got 0 detections.

0: 640x640 (no detections), 354.7ms
Speed: 6.7ms preprocess, 354.7ms inference, 18.5ms postprocess per image at shape (1, 3, 640, 640)
[Inference] Got 0 detections.

0: 640x640 (no detections), 340.4ms
Speed: 13.1ms preprocess, 340.4ms inference, 10.5ms postprocess per image at shape (1, 3, 640, 640)
[Inference] Got 0 detections.

0: 640x640 (no detections), 370.1ms
Speed: 26.3ms preprocess, 370.1ms inference, 21.4ms postprocess per image at shape (1, 3, 640, 640)
[Inference] Got 0 detections.

0: 640x640 (no detections), 396.4ms
Speed: 108.3ms preprocess, 396.4ms inference, 5.6ms postprocess per image at shape (1, 3, 640, 640)
[Inference] Got 0 detections.

0: 640x640 (no detections), 380.8ms
Speed: 12.1ms preprocess, 380.8ms inference, 4.4ms postprocess per image at shape (1, 3, 640, 640)
[Inference] Got 0 detections.

0: 640x640 (no detections), 352.8ms
Speed: 8.8ms preprocess, 352.8ms inference, 7.4ms postprocess per image at shape (1, 3, 640, 640)
[Inference] Got 0 detections.

0: 640x640 (no detections), 368.6ms
Speed: 10.6ms preprocess, 368.6ms inference, 5.9ms postprocess per image at shape (1, 3, 640, 640)
[Inference] Got 0 detections.

0: 640x640 (no detections), 396.8ms
Speed: 13.8ms preprocess, 396.8ms inference, 9.3ms postprocess per image at shape (1, 3, 640, 640)
[Inference] Got 0 detections.

0: 640x640 (no detections), 388.2ms
Speed: 17.8ms preprocess, 388.2ms inference, 7.4ms postprocess per image at shape (1, 3, 640, 640)
[Inference] Got 0 detections.

0: 640x640 (no detections), 389.6ms
Speed: 9.3ms preprocess, 389.6ms inference, 9.0ms postprocess per image at shape (1, 3, 640, 640)
[Inference] Got 0 detections.

0: 640x640 1 class1, 403.3ms
Speed: 13.4ms preprocess, 403.3ms inference, 1280.7ms postprocess per image at shape (1, 3, 640, 640)
[Inference] Got 1 detections.

0: 640x640 (no detections), 315.0ms
Speed: 199.7ms preprocess, 315.0ms inference, 5.6ms postprocess per image at shape (1, 3, 640, 640)
[Inference] Got 0 detections.

0: 640x640 (no detections), 309.6ms
Speed: 6.4ms preprocess, 309.6ms inference, 4.5ms postprocess per image at shape (1, 3, 640, 640)
[Inference] Got 0 detections.

0: 640x640 (no detections), 305.8ms
Speed: 6.7ms preprocess, 305.8ms inference, 5.5ms postprocess per image at shape (1, 3, 640, 640)
[Inference] Got 0 detections.

0: 640x640 (no detections), 432.5ms
Speed: 9.3ms preprocess, 432.5ms inference, 6.2ms postprocess per image at shape (1, 3, 640, 640)
[Inference] Got 0 detections.

0: 640x640 (no detections), 379.1ms
Speed: 18.1ms preprocess, 379.1ms inference, 7.9ms postprocess per image at shape (1, 3, 640, 640)
[Inference] Got 0 detections.

0: 640x640 (no detections), 314.3ms
Speed: 9.5ms preprocess, 314.3ms inference, 7.3ms postprocess per image at shape (1, 3, 640, 640)
[Inference] Got 0 detections.

0: 640x640 (no detections), 296.8ms
Speed: 10.7ms preprocess, 296.8ms inference, 3.9ms postprocess per image at shape (1, 3, 640, 640)
[Inference] Got 0 detections.

0: 640x640 (no detections), 319.7ms
Speed: 9.6ms preprocess, 319.7ms inference, 4.9ms postprocess per image at shape (1, 3, 640, 640)
[Inference] Got 0 detections.

0: 640x640 (no detections), 299.9ms
Speed: 7.5ms preprocess, 299.9ms inference, 5.6ms postprocess per image at shape (1, 3, 640, 640)
[Inference] Got 0 detections.

0: 640x640 (no detections), 329.4ms
Speed: 7.1ms preprocess, 329.4ms inference, 8.1ms postprocess per image at shape (1, 3, 640, 640)
[Inference] Got 0 detections.

0: 640x640 (no detections), 340.4ms
Speed: 10.6ms preprocess, 340.4ms inference, 5.6ms postprocess per image at shape (1, 3, 640, 640)
[Inference] Got 0 detections.

0: 640x640 (no detections), 332.8ms
Speed: 9.7ms preprocess, 332.8ms inference, 3.8ms postprocess per image at shape (1, 3, 640, 640)
[Inference] Got 0 detections.

0: 640x640 (no detections), 327.3ms
Speed: 8.4ms preprocess, 327.3ms inference, 3.2ms postprocess per image at shape (1, 3, 640, 640)
[Inference] Got 0 detections.
GST_ARGUS: Cleaning up
CONSUMER: Done Success
GST_ARGUS: Done Success
